'local_id','score','name','displayName','typePim','type','slug','price','industry','brand','productType','group','keySellingPoints','units','image','originalPrice','currentPrice','discountPercentage','endTimeDiscount','promotions','totalInventory','skus'
'510107136851','20.323067','HP Pavilion 15-eg3111TU i5 1335U (8U6L8PA)','HP Pavilion 15-eg3111TU i5 1335U (8U6L8PA)','Normal','Normal','may-tinh-xach-tay/hp-pavilion-15-eg3111tu-i5-1335u','21290000','{"code":"04","name":"Máy tính"}','{"code":"43","name":"HP"}','{"code":"04001","name":"Laptop"}','{"code":"04001003","name":"Laptop Intel"}','','','/D:/Shopping-Recommendation-System/target/classes/com/project/shoppingrecommendationsystem/data/laptops/FPTShop/images/510107136851.jpg','21290000','17490000','18','2025-05-22T23:59:00.000+07:00','','0',''
'431997138342','20.354301','Asus Vivobook E1404FA-NK186W R5 7520U','Asus Vivobook E1404FA-NK186W R5 7520U','Normal','Normal','may-tinh-xach-tay/asus-vivobook-e1404fa-nk186w-r5-7520u','14990000','{"code":"04","name":"Máy tính"}','{"code":"10","name":"Asus"}','{"code":"04001","name":"Laptop"}','{"code":"04001002","name":"Laptop AMD"}','','','/D:/Shopping-Recommendation-System/target/classes/com/project/shoppingrecommendationsystem/data/laptops/FPTShop/images/431997138342.jpg','14990000','11590000','23','2025-05-22T23:59:00.000+07:00','','0',''
'764671220404','20.323078','HP 245 G10 R5-7530U (A20TFPT)','HP 245 G10 R5-7530U (A20TFPT)','Normal','Normal','may-tinh-xach-tay/hp-245-g10-a20tfpt-r5-7530u','15590000','{"code":"04","name":"Máy tính"}','{"code":"43","name":"HP"}','{"code":"04001","name":"Laptop"}','{"code":"04001002","name":"Laptop AMD"}','','','/D:/Shopping-Recommendation-System/target/classes/com/project/shoppingrecommendationsystem/data/laptops/FPTShop/images/764671220404.png','15590000','11990000','23','2025-05-22T23:59:00.000+07:00','','0',''
'829664835033','20.35475','Acer Aspire Lite 15 AL15-41P-R3U5 R7 5700U','Acer Aspire Lite 15 AL15-41P-R3U5 R7 5700U','Normal','Normal','may-tinh-xach-tay/acer-aspire-lite-15-al15-41p-r3u5-r7-5700u','13990000','{"code":"04","name":"Máy tính"}','{"code":"2","name":"Acer"}','{"code":"04001","name":"Laptop"}','','','','/D:/Shopping-Recommendation-System/target/classes/com/project/shoppingrecommendationsystem/data/laptops/FPTShop/images/829664835033.jpg','13990000','12990000','7','2025-05-31T23:59:00.000+07:00','','0',''
'822234810184','20.352484','Lenovo IdeaPad Slim 3 14IRH10 i5-13420H (83K00008VN)','Lenovo IdeaPad Slim 3 14IRH10 i5-13420H (83K00008VN)','Normal','Normal','may-tinh-xach-tay/lenovo-ideapad-slim-3-14irh10-83k00008vn','16490000','{"code":"04","name":"Máy tính"}','{"code":"64","name":"Lenovo"}','{"code":"04001","name":"Laptop"}','','','','/D:/Shopping-Recommendation-System/target/classes/com/project/shoppingrecommendationsystem/data/laptops/FPTShop/images/822234810184.png','16490000','15490000','6','2025-05-22T23:59:00.000+07:00','','0',''
'237340616366','20.322361','Acer Aspire Lite 14 Gen 2 AL14-52M-32KV i3 1305U','Acer Aspire Lite 14 Gen 2 AL14-52M-32KV i3 1305U','Normal','Normal','may-tinh-xach-tay/acer-aspire-lite-14-gen-2-al14-52m-32kv','10490000','{"code":"04","name":"Máy tính"}','{"code":"2","name":"Acer"}','{"code":"04001","name":"Laptop"}','','','','/D:/Shopping-Recommendation-System/target/classes/com/project/shoppingrecommendationsystem/data/laptops/FPTShop/images/237340616366.png','10490000','9790000','7','2025-05-22T23:59:00.000+07:00','','0',''
'861557153993','20.323078','HP 14s-em0086AU R5 7520U (835T9PA)','HP 14s-em0086AU R5 7520U (835T9PA)','Normal','Normal','may-tinh-xach-tay/hp-14s-em0086au-r5-7520u','15190000','{"code":"04","name":"Máy tính"}','{"code":"43","name":"HP"}','{"code":"04001","name":"Laptop"}','{"code":"04001002","name":"Laptop AMD"}','','','/D:/Shopping-Recommendation-System/target/classes/com/project/shoppingrecommendationsystem/data/laptops/FPTShop/images/861557153993.jpg','15190000','12790000','16','2025-05-22T23:59:00.000+07:00','','0',''
'562862215986','20.321772','Dell Inspiron N3530 i5 1334U_71043885','Dell Inspiron N3530 i5 1334U_71043885','Normal','Normal','may-tinh-xach-tay/dell-inspiron-n3530-i5-1334u-71043885','19990000','{"code":"04","name":"Máy tính"}','{"code":"26","name":"Dell"}','{"code":"04001","name":"Laptop"}','{"code":"04001003","name":"Laptop Intel"}','','','/D:/Shopping-Recommendation-System/target/classes/com/project/shoppingrecommendationsystem/data/laptops/FPTShop/images/562862215986.png','19990000','18490000','8','2025-05-22T23:59:00.000+07:00','','0',''
'193908039653','20.322723','Asus Vivobook 15 OLED A1505VA-MA466W i5-13500H','Asus Vivobook 15 OLED A1505VA-MA466W i5-13500H','Normal','Normal','may-tinh-xach-tay/asus-vivobook-15-oled-a1505va-ma466w-i-5-13500h','20990000','{"code":"04","name":"Máy tính"}','{"code":"10","name":"Asus"}','{"code":"04001","name":"Laptop"}','{"code":"04001003","name":"Laptop Intel"}','','','/D:/Shopping-Recommendation-System/target/classes/com/project/shoppingrecommendationsystem/data/laptops/FPTShop/images/193908039653.jpg','20990000','17490000','17','2025-05-22T23:59:00.000+07:00','','0',''
'611307815062','20.354239','Asus TUF Gaming A15 FA506NCR-HN047W R7-7435HS','Asus TUF Gaming A15 FA506NCR-HN047W R7-7435HS','Normal','Normal','may-tinh-xach-tay/asus-tuf-gaming-a15-fa506ncr-hn047w-r7-7435hs','21990000','{"code":"04","name":"Máy tính"}','{"code":"10","name":"Asus"}','{"code":"04001","name":"Laptop"}','{"code":"04001002","name":"Laptop AMD"}','','','/D:/Shopping-Recommendation-System/target/classes/com/project/shoppingrecommendationsystem/data/laptops/FPTShop/images/611307815062.png','21990000','19490000','11','2025-05-22T23:59:00.000+07:00','','0',''
'876735734145','20.300257','Acer Aspire 7 Gaming A715-59G-57TU i5 12450H','Acer Aspire 7 Gaming A715-59G-57TU i5 12450H','Normal','Normal','may-tinh-xach-tay/acer-aspire-7-gaming-a715-59g-57tu-i5-12450h','22490000','{"code":"04","name":"Máy tính"}','{"code":"2","name":"Acer"}','{"code":"04001","name":"Laptop"}','','','','/D:/Shopping-Recommendation-System/target/classes/com/project/shoppingrecommendationsystem/data/laptops/FPTShop/images/876735734145.png','22490000','20990000','7','2025-05-22T23:59:00.000+07:00','','0',''
'554487313440','20.281662','Dell Inspiron 15 3520 i5 1235U_71061229','Dell Inspiron 15 3520 i5 1235U_71061229','Normal','Normal','may-tinh-xach-tay/dell-inspiron-15-3520-i5-1235u-71061229','17290000','{"code":"04","name":"Máy tính"}','{"code":"26","name":"Dell"}','{"code":"04001","name":"Laptop"}','','','','/D:/Shopping-Recommendation-System/target/classes/com/project/shoppingrecommendationsystem/data/laptops/FPTShop/images/554487313440.png','17290000','16490000','5','2025-05-31T23:59:00.000+07:00','','0',''
'252399529603','20.279636','Lenovo Gaming LOQ - 15IAX9 i5 12450HX (83GS005KVN)','Lenovo Gaming LOQ - 15IAX9 i5 12450HX (83GS005KVN)','Normal','Normal','may-tinh-xach-tay/lenovo-gaming-loq-15iax9-i5-12450hx','22990000','{"code":"04","name":"Máy tính"}','{"code":"64","name":"Lenovo"}','{"code":"04001","name":"Laptop"}','{"code":"04001003","name":"Laptop Intel"}','','','/D:/Shopping-Recommendation-System/target/classes/com/project/shoppingrecommendationsystem/data/laptops/FPTShop/images/252399529603.jpg','22990000','18490000','20','2025-05-22T23:59:00.000+07:00','','0',''
'595590528078','20.260214','MSI Gaming Katana 15 B13UDXK-2213VN i5 13500H','MSI Gaming Katana 15 B13UDXK-2213VN i5 13500H','Normal','Normal','may-tinh-xach-tay/msi-gaming-katana-15-b13udxk-2213vn-i5-13500h','24990000','{"code":"04","name":"Máy tính"}','{"code":"131","name":"MSI"}','{"code":"04001","name":"Laptop"}','{"code":"04001003","name":"Laptop Intel"}','','','/D:/Shopping-Recommendation-System/target/classes/com/project/shoppingrecommendationsystem/data/laptops/FPTShop/images/595590528078.png','24990000','22290000','11','2025-05-22T23:59:00.000+07:00','','0',''
'935782834351','20.281372','Lenovo Ideapad Slim 3 - 15ABR8 R5 5625U (82XM00MDVN)','Lenovo Ideapad Slim 3 - 15ABR8 R5 5625U (82XM00MDVN)','Normal','Normal','may-tinh-xach-tay/lenovo-ideapad-slim-3-15abr8-82xm00mdvn','14490000','{"code":"04","name":"Máy tính"}','{"code":"64","name":"Lenovo"}','{"code":"04001","name":"Laptop"}','','','','/D:/Shopping-Recommendation-System/target/classes/com/project/shoppingrecommendationsystem/data/laptops/FPTShop/images/935782834351.png','14490000','11990000','17','2025-05-22T23:59:00.000+07:00','','0',''
'512115025125','10.354543','HP 14-ep0220TU i3-1315U_B73VWPA','HP 14-ep0220TU i3-1315U_B73VWPA','Normal','Normal','may-tinh-xach-tay/hp-14-ep0220tu-i3-1315u-b73vwpa','13490000','{"code":"04","name":"Máy tính"}','{"code":"43","name":"HP"}','{"code":"04001","name":"Laptop"}','','','','/D:/Shopping-Recommendation-System/target/classes/com/project/shoppingrecommendationsystem/data/laptops/FPTShop/images/512115025125.jpg','13490000','11490000','15','2025-05-22T23:59:00.000+07:00','','0',''
'945222911187','10.346847','Lenovo Gaming LOQ 15IAX9 i5 12450HX (83GS00DBVN)','Lenovo Gaming LOQ 15IAX9 i5 12450HX (83GS00DBVN)','Normal','Normal','may-tinh-xach-tay/lenovo-gaming-loq-15iax9-i5-12450hx-ai-24gb','23990000','{"code":"04","name":"Máy tính"}','{"code":"64","name":"Lenovo"}','{"code":"04001","name":"Laptop"}','{"code":"04001003","name":"Laptop Intel"}','','','/D:/Shopping-Recommendation-System/target/classes/com/project/shoppingrecommendationsystem/data/laptops/FPTShop/images/945222911187.jpg','23990000','19490000','19','2025-05-22T23:59:00.000+07:00','','0',''
'183072621850','10.349172','Dell Inspiron N3520 i5 1235U/16GB/512GB/15.6"FHD/Win11/Office HS21','Dell Inspiron N3520 i5 1235U/16GB/512GB/15.6"FHD/Win11/Office HS21','Normal','Normal','may-tinh-xach-tay/dell-inspiron-n3520-i5-1235u-i5-1235ui5u165w11blu-fp','17290000','{"code":"04","name":"Máy tính"}','{"code":"26","name":"Dell"}','{"code":"04001","name":"Laptop"}','','','','/D:/Shopping-Recommendation-System/target/classes/com/project/shoppingrecommendationsystem/data/laptops/FPTShop/images/183072621850.png','17290000','16490000','5','2025-05-31T23:59:00.000+07:00','','0',''
'147341328969','10.353317','Lenovo Gaming LOQ 15IRX9 i5-13450HX (83DV012LVN)','Lenovo Gaming LOQ 15IRX9 i5-13450HX (83DV012LVN)','Normal','Normal','may-tinh-xach-tay/lenovo-gaming-loq-15irx9-83dv012lvn','24490000','{"code":"04","name":"Máy tính"}','{"code":"64","name":"Lenovo"}','{"code":"04001","name":"Laptop"}','','','','/D:/Shopping-Recommendation-System/target/classes/com/project/shoppingrecommendationsystem/data/laptops/FPTShop/images/147341328969.png','24490000','20990000','14','2025-05-22T23:59:00.000+07:00','','0',''
'311972931059','20.315012','MSI Gaming Thin A15 B7UC-261VN R5 7535HS','MSI Gaming Thin A15 B7UC-261VN R5 7535HS','Normal','Normal','may-tinh-xach-tay/msi-gaming-thin-a15-b7uc-261vn-r5-7535hs','21990000','{"code":"04","name":"Máy tính"}','{"code":"131","name":"MSI"}','{"code":"04001","name":"Laptop"}','{"code":"04001002","name":"Laptop AMD"}','','','/D:/Shopping-Recommendation-System/target/classes/com/project/shoppingrecommendationsystem/data/laptops/FPTShop/images/311972931059.png','21990000','17490000','20','2025-05-22T23:59:00.000+07:00','','0',''
'248202137817','10.345447','Asus Vivobook E1504FA-NJ454W R5-7520U','Asus Vivobook E1504FA-NJ454W R5-7520U','Normal','Normal','may-tinh-xach-tay/asus-vivobook-e1504fa-nj454w','14490000','{"code":"04","name":"Máy tính"}','{"code":"10","name":"Asus"}','{"code":"04001","name":"Laptop"}','','','','/D:/Shopping-Recommendation-System/target/classes/com/project/shoppingrecommendationsystem/data/laptops/FPTShop/images/248202137817.png','14490000','11690000','19','2025-05-22T23:59:00.000+07:00','','0',''
'708793233419','10.344025','Asus Vivobook Gaming K3605ZC-RP564W i5-12500H','Asus Vivobook Gaming K3605ZC-RP564W i5-12500H','Normal','Normal','may-tinh-xach-tay/asus-vivobook-gaming-k3605zc-rp564w-i5-12500h','21990000','{"code":"04","name":"Máy tính"}','{"code":"10","name":"Asus"}','{"code":"04001","name":"Laptop"}','{"code":"04001003","name":"Laptop Intel"}','','','/D:/Shopping-Recommendation-System/target/classes/com/project/shoppingrecommendationsystem/data/laptops/FPTShop/images/708793233419.png','21990000','17490000','20','2025-05-22T23:59:00.000+07:00','','0',''
'42771278618','10.346348','Asus Vivobook X1605VA-MB1826W i3-1315U','Asus Vivobook X1605VA-MB1826W i3-1315U','Normal','Normal','may-tinh-xach-tay/asus-vivobook-x1605va-mb1826w','12690000','{"code":"04","name":"Máy tính"}','{"code":"10","name":"Asus"}','{"code":"04001","name":"Laptop"}','','','','/D:/Shopping-Recommendation-System/target/classes/com/project/shoppingrecommendationsystem/data/laptops/FPTShop/images/42771278618.png','12690000','10490000','17','2025-05-22T23:59:00.000+07:00','','0',''
'741127624775','10.340791','Asus Vivobook X1404ZA-NK387W i3 1215U','Asus Vivobook X1404ZA-NK387W i3 1215U','Normal','Normal','may-tinh-xach-tay/asus-vivobook-x1404za-nk387w-i3-1215u','11990000','{"code":"04","name":"Máy tính"}','{"code":"10","name":"Asus"}','{"code":"04001","name":"Laptop"}','{"code":"04001003","name":"Laptop Intel"}','','','/D:/Shopping-Recommendation-System/target/classes/com/project/shoppingrecommendationsystem/data/laptops/FPTShop/images/741127624775.jpg','11990000','9890000','18','2025-05-22T23:59:00.000+07:00','','0',''
'046353126540','10.336227','Lenovo Gaming LOQ 15ARP9 R5-7235HS (83JC007HVN)','Lenovo Gaming LOQ 15ARP9 R5-7235HS (83JC007HVN)','Normal','Normal','may-tinh-xach-tay/lenovo-gaming-loq-15arp9-r5-7235hs-83jc007hvn','23490000','{"code":"04","name":"Máy tính"}','{"code":"64","name":"Lenovo"}','{"code":"04001","name":"Laptop"}','','','','/D:/Shopping-Recommendation-System/target/classes/com/project/shoppingrecommendationsystem/data/laptops/FPTShop/images/046353126540.png','23490000','19490000','17','2025-05-22T23:59:00.000+07:00','','0',''
'056245414441','10.33163','Asus TUF Gaming A15 FA506NCR-HN097W R7-7435HS','Asus TUF Gaming A15 FA506NCR-HN097W R7-7435HS','Normal','Normal','may-tinh-xach-tay/asus-tuf-gaming-a15-fa506ncr-hn097w-r7-7435hs','21990000','{"code":"04","name":"Máy tính"}','{"code":"10","name":"Asus"}','{"code":"04001","name":"Laptop"}','','','','/D:/Shopping-Recommendation-System/target/classes/com/project/shoppingrecommendationsystem/data/laptops/FPTShop/images/056245414441.png','21990000','19990000','9','2025-05-22T23:59:00.000+07:00','','0',''
'666356334786','10.341877','Acer Aspire Lite 16 Gen 2 AL16-52P-572A i5 1334U','Acer Aspire Lite 16 Gen 2 AL16-52P-572A i5 1334U','Normal','Normal','may-tinh-xach-tay/acer-aspire-lite-16-gen-2-al16-52p-572a-i5-1334u','16990000','{"code":"04","name":"Máy tính"}','{"code":"2","name":"Acer"}','{"code":"04001","name":"Laptop"}','','','','/D:/Shopping-Recommendation-System/target/classes/com/project/shoppingrecommendationsystem/data/laptops/FPTShop/images/666356334786.jpg','16990000','13990000','18','2025-05-22T23:59:00.000+07:00','','0',''
'416454817272','10.33585','HP ProBook 450 G10 i5-1340P','HP ProBook 450 G10 i5-1340P','Normal','Normal','may-tinh-xach-tay/hp-probook-450-g10-i5-1340p','22590000','{"code":"04","name":"Máy tính"}','{"code":"43","name":"HP"}','{"code":"04001","name":"Laptop"}','','','','/D:/Shopping-Recommendation-System/target/classes/com/project/shoppingrecommendationsystem/data/laptops/FPTShop/images/416454817272.jpg','22590000','19990000','12','2025-05-31T23:59:00.000+07:00','','0',''
'947007532068','10.33585','Dell Inspiron 15 3520 i5 1235U_i5U165W11SLU','Dell Inspiron 15 3520 i5 1235U_i5U165W11SLU','Normal','Normal','may-tinh-xach-tay/dell-inspiron-15-3520-i5-1235u-u165w11slu','17290000','{"code":"04","name":"Máy tính"}','{"code":"26","name":"Dell"}','{"code":"04001","name":"Laptop"}','','','','/D:/Shopping-Recommendation-System/target/classes/com/project/shoppingrecommendationsystem/data/laptops/FPTShop/images/947007532068.png','17290000','16490000','5','2025-05-31T23:59:00.000+07:00','','0',''
'032855416896','10.328661','Dell Inspiron 15 N3530 i7 1355U_N5I7305W1','Dell Inspiron 15 N3530 i7 1355U_N5I7305W1','Normal','Normal','may-tinh-xach-tay/dell-inspiron-15-n3530-i7-1355u-n5i7305w1','22490000','{"code":"04","name":"Máy tính"}','{"code":"26","name":"Dell"}','{"code":"04001","name":"Laptop"}','','','','/D:/Shopping-Recommendation-System/target/classes/com/project/shoppingrecommendationsystem/data/laptops/FPTShop/images/032855416896.png','22490000','21490000','4','2025-05-22T23:59:00.000+07:00','','0',''
'547235416981','10.326474','Dell Inspiron 15 3520 i5 1235U_i5U165W11BLU-FP','Dell Inspiron 15 3520 i5 1235U_i5U165W11BLU-FP','Normal','Normal','may-tinh-xach-tay/dell-inspiron-15-3520-i5-1235u-i5u165w11blu-fp','17290000','{"code":"04","name":"Máy tính"}','{"code":"26","name":"Dell"}','{"code":"04001","name":"Laptop"}','','','','/D:/Shopping-Recommendation-System/target/classes/com/project/shoppingrecommendationsystem/data/laptops/FPTShop/images/547235416981.png','17290000','16490000','5','2025-05-31T23:59:00.000+07:00','','0',''
'453768134256','10.328661','Acer Aspire 3 A315-44P-R5QG R7-5700U','Acer Aspire 3 A315-44P-R5QG R7-5700U','Normal','Normal','may-tinh-xach-tay/acer-aspire-3-a315-44p-r5qg-r7-5700u','14990000','{"code":"04","name":"Máy tính"}','{"code":"2","name":"Acer"}','{"code":"04001","name":"Laptop"}','{"code":"04001002","name":"Laptop AMD"}','','','/D:/Shopping-Recommendation-System/target/classes/com/project/shoppingrecommendationsystem/data/laptops/FPTShop/images/453768134256.jpg','14990000','11990000','20','2025-05-22T23:59:00.000+07:00','','0',''
'543667801489','10.323483','Asus TUF Gaming FX507ZC4-HN095W i5 12500H','Asus TUF Gaming FX507ZC4-HN095W i5 12500H','Normal','Normal','may-tinh-xach-tay/asus-tuf-gaming-fx507zc4-hn095w-i5-12500h','22490000','{"code":"04","name":"Máy tính"}','{"code":"10","name":"Asus"}','{"code":"04001","name":"Laptop"}','{"code":"04001003","name":"Laptop Intel"}','','','/D:/Shopping-Recommendation-System/target/classes/com/project/shoppingrecommendationsystem/data/laptops/FPTShop/images/543667801489.png','22490000','19490000','13','2025-05-22T23:59:00.000+07:00','','0',''
'000560716967','10.322737','Macbook Air 13 M2 2024 8CPU/8GPU/16GB/256GB','Macbook Air 13 M2 2024 8CPU/8GPU/16GB/256GB','Normal','Normal','may-tinh-xach-tay/macbook-air-m2-13-2024-8cpu-8gpu-16gb-256gb','24990000','{"code":"04","name":"Máy tính"}','{"code":"9","name":"Apple"}','{"code":"04001","name":"Laptop"}','{"code":"04001001","name":"Macbook M"}','','','/D:/Shopping-Recommendation-System/target/classes/com/project/shoppingrecommendationsystem/data/laptops/FPTShop/images/000560716967.png','24990000','21190000','15','2025-05-24T23:59:00.000+07:00','','0',''
'065892624461','10.31803','MSI Modern 14 F13MG-027VN i5-1335U','MSI Modern 14 F13MG-027VN i5-1335U','Normal','Normal','may-tinh-xach-tay/msi-modern-14-f13mg-027vn-i5-1335u','16690000','{"code":"04","name":"Máy tính"}','{"code":"131","name":"MSI"}','{"code":"04001","name":"Laptop"}','','','','/D:/Shopping-Recommendation-System/target/classes/com/project/shoppingrecommendationsystem/data/laptops/FPTShop/images/065892624461.png','16690000','13490000','19','2025-05-22T23:59:00.000+07:00','','0',''
'264739610738','10.3178835','Acer Gaming Aspire 5 A515-58GM-53CM i5 13420H','Acer Gaming Aspire 5 A515-58GM-53CM i5 13420H','Normal','Normal','may-tinh-xach-tay/acer-gaming-aspire-5-a515-58g-53cm-i5-13420h','22990000','{"code":"04","name":"Máy tính"}','{"code":"2","name":"Acer"}','{"code":"04001","name":"Laptop"}','{"code":"04001003","name":"Laptop Intel"}','','','/D:/Shopping-Recommendation-System/target/classes/com/project/shoppingrecommendationsystem/data/laptops/FPTShop/images/264739610738.jpg','22990000','17990000','22','2025-05-22T23:59:00.000+07:00','','0',''
'312759537151','10.321129','HP 245 G10 R7 7730U (8F157PA)','HP 245 G10 R7 7730U (8F157PA)','Normal','Normal','may-tinh-xach-tay/hp-245-g10-r7-7730u','19990000','{"code":"04","name":"Máy tính"}','{"code":"43","name":"HP"}','{"code":"04001","name":"Laptop"}','{"code":"04001002","name":"Laptop AMD"}','','','/D:/Shopping-Recommendation-System/target/classes/com/project/shoppingrecommendationsystem/data/laptops/FPTShop/images/312759537151.jpg','19990000','15490000','23','2025-05-22T23:59:00.000+07:00','','0',''
'640859430061','10.312488','HP Gaming Victus 16-s0173AX R5-7640HS/A9LG9PA','HP Gaming Victus 16-s0173AX R5-7640HS/A9LG9PA','Normal','Normal','may-tinh-xach-tay/hp-gaming-victus-16-s0173ax-r5-7640hs-a9lg9pa','27390000','{"code":"04","name":"Máy tính"}','{"code":"43","name":"HP"}','{"code":"04001","name":"Laptop"}','{"code":"04001002","name":"Laptop AMD"}','','','/D:/Shopping-Recommendation-System/target/classes/com/project/shoppingrecommendationsystem/data/laptops/FPTShop/images/640859430061.png','27390000','19890000','27','2025-05-22T23:59:00.000+07:00','','0',''
'285686710762','10.313328','Lenovo IdeaPad Slim 3 14IRH10 i5-13420H (83K0000AVN)','Lenovo IdeaPad Slim 3 14IRH10 i5-13420H (83K0000AVN)','Normal','Normal','may-tinh-xach-tay/lenovo-ideapad-slim-3-14irh10-83k0000avn','17490000','{"code":"04","name":"Máy tính"}','{"code":"64","name":"Lenovo"}','{"code":"04001","name":"Laptop"}','','','','/D:/Shopping-Recommendation-System/target/classes/com/project/shoppingrecommendationsystem/data/laptops/FPTShop/images/285686710762.png','17490000','16490000','6','2025-05-22T23:59:00.000+07:00','','0',''
'506319927985','10.295755','Dell Inspiron 15 3530 i7 1355U_71053721','Dell Inspiron 15 3530 i7 1355U_71053721','Normal','Normal','may-tinh-xach-tay/dell-inspiron-15-3530-71053721','22490000','{"code":"04","name":"Máy tính"}','{"code":"26","name":"Dell"}','{"code":"04001","name":"Laptop"}','','','','/D:/Shopping-Recommendation-System/target/classes/com/project/shoppingrecommendationsystem/data/laptops/FPTShop/images/506319927985.png','22490000','21490000','4','2025-05-22T23:59:00.000+07:00','','0',''
'120117528553','10.321848','Acer Aspire Lite AL14-52M-54CJ i5 1334U','Acer Aspire Lite AL14-52M-54CJ i5 1334U','Normal','Normal','may-tinh-xach-tay/acer-aspire-lite-al14-52m-54cj','15790000','{"code":"04","name":"Máy tính"}','{"code":"2","name":"Acer"}','{"code":"04001","name":"Laptop"}','','','','/D:/Shopping-Recommendation-System/target/classes/com/project/shoppingrecommendationsystem/data/laptops/FPTShop/images/120117528553.png','15790000','14090000','11','2025-05-22T23:59:00.000+07:00','','0',''
'960892718483','10.288343','Lenovo V15 G4 IRU i5-13420H (83A100PMVN)','Lenovo V15 G4 IRU i5-13420H (83A100PMVN)','Normal','Normal','may-tinh-xach-tay/lenovo-v15-g4-iru-i5-13420h-83a100pmvn','15990000','{"code":"04","name":"Máy tính"}','{"code":"64","name":"Lenovo"}','{"code":"04001","name":"Laptop"}','','','','/D:/Shopping-Recommendation-System/target/classes/com/project/shoppingrecommendationsystem/data/laptops/FPTShop/images/960892718483.jpg','15990000','14490000','9','2025-05-22T23:59:00.000+07:00','','0',''
'887652712360','10.305126','Asus Gaming Vivobook K3605ZF-RP634W i5-12500H','Asus Gaming Vivobook K3605ZF-RP634W i5-12500H','Normal','Normal','may-tinh-xach-tay/asus-gaming-vivobook-k3605zf-rp634w-i5-12500h','19490000','{"code":"04","name":"Máy tính"}','{"code":"10","name":"Asus"}','{"code":"04001","name":"Laptop"}','{"code":"04001003","name":"Laptop Intel"}','','','/D:/Shopping-Recommendation-System/target/classes/com/project/shoppingrecommendationsystem/data/laptops/FPTShop/images/887652712360.png','19490000','16490000','15','2025-05-22T23:59:00.000+07:00','','0',''
'836547146168','10.28064','Acer Aspire 7 Gaming A715-76G-5806 i5 12450H (NH.QMFSV.002)','Acer Aspire 7 Gaming A715-76G-5806 i5 12450H (NH.QMFSV.002)','Normal','Normal','may-tinh-xach-tay/acer-aspire-7-gaming-a715-76g-5806-i5-12450h','22990000','{"code":"04","name":"Máy tính"}','{"code":"2","name":"Acer"}','{"code":"04001","name":"Laptop"}','{"code":"04001003","name":"Laptop Intel"}','','','/D:/Shopping-Recommendation-System/target/classes/com/project/shoppingrecommendationsystem/data/laptops/FPTShop/images/836547146168.jpg','22990000','18690000','19','2025-05-22T23:59:00.000+07:00','','0',''
'615023827674','10.281691','HP 15-fd0235TU i5-1334U (9Q970PA)','HP 15-fd0235TU i5-1334U (9Q970PA)','Normal','Normal','may-tinh-xach-tay/hp-15-fd0235tu-i5-1334u','19590000','{"code":"04","name":"Máy tính"}','{"code":"43","name":"HP"}','{"code":"04001","name":"Laptop"}','{"code":"04001003","name":"Laptop Intel"}','','','/D:/Shopping-Recommendation-System/target/classes/com/project/shoppingrecommendationsystem/data/laptops/FPTShop/images/615023827674.jpg','19590000','15690000','20','2025-05-22T23:59:00.000+07:00','','0',''
'528007133007','10.284965','Macbook Air 13 M4 2025 10CPU/8GPU/16GB/256GB','Macbook Air 13 M4 2025 10CPU/8GPU/16GB/256GB','Normal','Normal','may-tinh-xach-tay/macbook-air-13-m4-2025-10cpu-8gpu-16gb-256gb','26990000','{"code":"04","name":"Máy tính"}','{"code":"9","name":"Apple"}','{"code":"04001","name":"Laptop"}','{"code":"04001001","name":"Macbook M"}','','','/D:/Shopping-Recommendation-System/target/classes/com/project/shoppingrecommendationsystem/data/laptops/FPTShop/images/528007133007.jpg','26990000','26890000','0','2025-05-24T23:59:00.000+07:00','','0',''
'917839116095','10.281677','HP 15-fd0305TU i3 1315U_A2NL6PA','HP 15-fd0305TU i3 1315U_A2NL6PA','Normal','Normal','may-tinh-xach-tay/hp-15-fd0305tu-i3-1315u-a2nl6pa','12490000','{"code":"04","name":"Máy tính"}','{"code":"43","name":"HP"}','{"code":"04001","name":"Laptop"}','','','','/D:/Shopping-Recommendation-System/target/classes/com/project/shoppingrecommendationsystem/data/laptops/FPTShop/images/917839116095.jpg','12490000','10890000','13','2025-05-22T23:59:00.000+07:00','','0',''
'792661839250','10.2791395','Asus Vivobook X1504ZA-NJ1039W i7-1255U','Asus Vivobook X1504ZA-NJ1039W i7-1255U','Normal','Normal','may-tinh-xach-tay/asus-vivobook-x1504za-nj1039w-i7-1255u','17990000','{"code":"04","name":"Máy tính"}','{"code":"10","name":"Asus"}','{"code":"04001","name":"Laptop"}','{"code":"04001003","name":"Laptop Intel"}','','','/D:/Shopping-Recommendation-System/target/classes/com/project/shoppingrecommendationsystem/data/laptops/FPTShop/images/792661839250.png','17990000','15490000','14','2025-05-22T23:59:00.000+07:00','','0',''
'574650330101','10.278556','Asus Vivobook 15 X1502VA-BQ886W i7-13620H','Asus Vivobook 15 X1502VA-BQ886W i7-13620H','Normal','Normal','may-tinh-xach-tay/asus-vivobook-15-x1502va-bq886w-i7-13620h','17990000','{"code":"04","name":"Máy tính"}','{"code":"10","name":"Asus"}','{"code":"04001","name":"Laptop"}','','','','/D:/Shopping-Recommendation-System/target/classes/com/project/shoppingrecommendationsystem/data/laptops/FPTShop/images/574650330101.jpg','17990000','16590000','8','2025-05-22T23:59:00.000+07:00','','0',''
'359513625041','10.280571','Asus Vivobook X1504VA-NJ526W i5 1335U','Asus Vivobook X1504VA-NJ526W i5 1335U','Normal','Normal','may-tinh-xach-tay/asus-vivobook-x1504va-nj526w-i5-1335u','18990000','{"code":"04","name":"Máy tính"}','{"code":"10","name":"Asus"}','{"code":"04001","name":"Laptop"}','{"code":"04001003","name":"Laptop Intel"}','','','/D:/Shopping-Recommendation-System/target/classes/com/project/shoppingrecommendationsystem/data/laptops/FPTShop/images/359513625041.jpg','18990000','14390000','24','2025-05-22T23:59:00.000+07:00','','0',''
'723212324646','10.347387','Asus Vivobook Gaming V16 K3607VJ-RP106W Core 7- 240H','Asus Vivobook Gaming V16 K3607VJ-RP106W Core 7- 240H','Normal','Normal','may-tinh-xach-tay/asus-vivobook-gaming-v16-k3607vj-rp106w-core-7-240h','24490000','{"code":"04","name":"Máy tính"}','{"code":"10","name":"Asus"}','{"code":"04001","name":"Laptop"}','','','','/D:/Shopping-Recommendation-System/target/classes/com/project/shoppingrecommendationsystem/data/laptops/FPTShop/images/723212324646.png','24490000','22990000','6','2025-05-22T23:59:00.000+07:00','','0',''
'849993831689','10.353371','MSI Gaming Thin 15 B13UCX-2080VN i5 13420H','MSI Gaming Thin 15 B13UCX-2080VN i5 13420H','Normal','Normal','may-tinh-xach-tay/msi-gaming-thin-15-b13ucx-2080vn-i5-13420h','19990000','{"code":"04","name":"Máy tính"}','{"code":"131","name":"MSI"}','{"code":"04001","name":"Laptop"}','{"code":"04001003","name":"Laptop Intel"}','','','/D:/Shopping-Recommendation-System/target/classes/com/project/shoppingrecommendationsystem/data/laptops/FPTShop/images/849993831689.png','19990000','15990000','20','2025-05-22T23:59:00.000+07:00','','0',''
'444265811235','10.34116','Gigabyte Gaming G5 KF5-53VN353SH i5-13500H','Gigabyte Gaming G5 KF5-53VN353SH i5-13500H','Normal','Normal','may-tinh-xach-tay/gigabyte-gaming-g5-kf5-53vn353sh-i5-13500h','25990000','{"code":"04","name":"Máy tính"}','{"code":"755","name":"Gigabyte"}','{"code":"04001","name":"Laptop"}','{"code":"04001003","name":"Laptop Intel"}','','','/D:/Shopping-Recommendation-System/target/classes/com/project/shoppingrecommendationsystem/data/laptops/FPTShop/images/444265811235.png','25990000','22590000','13','2025-05-22T23:59:00.000+07:00','','0',''
'213717117312','10.320911','Lenovo ThinkBook 14 G7 Ultra 5 125U (21MR006YVN)','Lenovo ThinkBook 14 G7 Ultra 5 125U (21MR006YVN)','Normal','Normal','may-tinh-xach-tay/lenovo-thinkbook-14-g7-21mr006yvn','22490000','{"code":"04","name":"Máy tính"}','{"code":"64","name":"Lenovo"}','{"code":"04001","name":"Laptop"}','','','','/D:/Shopping-Recommendation-System/target/classes/com/project/shoppingrecommendationsystem/data/laptops/FPTShop/images/213717117312.png','22490000','20990000','7','2025-05-22T23:59:00.000+07:00','','0',''
'615341714165','10.320911','Gigabyte Gaming G5 MF5-52VN353SH i5 13500H','Gigabyte Gaming G5 MF5-52VN353SH i5 13500H','Normal','Normal','may-tinh-xach-tay/gigabyte-gaming-g5-mf5-52vn353sh-i5-13500h','22990000','{"code":"04","name":"Máy tính"}','{"code":"755","name":"Gigabyte"}','{"code":"04001","name":"Laptop"}','{"code":"04001003","name":"Laptop Intel"}','','','/D:/Shopping-Recommendation-System/target/classes/com/project/shoppingrecommendationsystem/data/laptops/FPTShop/images/615341714165.jpg','22990000','20190000','12','2025-05-22T23:59:00.000+07:00','','0',''
'275666611887','10.332998','Acer Aspire 7 A715-76G-59MW i5-12450H','Acer Aspire 7 A715-76G-59MW i5-12450H','Normal','Normal','may-tinh-xach-tay/acer-aspire-7-a715-76g-59mw-i5-12450h','21490000','{"code":"04","name":"Máy tính"}','{"code":"2","name":"Acer"}','{"code":"04001","name":"Laptop"}','{"code":"04001003","name":"Laptop Intel"}','','','/D:/Shopping-Recommendation-System/target/classes/com/project/shoppingrecommendationsystem/data/laptops/FPTShop/images/275666611887.jpg','21490000','15290000','29','2025-05-22T23:59:00.000+07:00','','0',''
'600820810362','10.324131','Lenovo V15 G4 IRU i5 13420H (83A100G0VN)','Lenovo V15 G4 IRU i5 13420H (83A100G0VN)','Normal','Normal','may-tinh-xach-tay/lenovo-v15-g4-iru-i5-13420h-16gb','15990000','{"code":"04","name":"Máy tính"}','{"code":"64","name":"Lenovo"}','{"code":"04001","name":"Laptop"}','{"code":"04001003","name":"Laptop Intel"}','','','/D:/Shopping-Recommendation-System/target/classes/com/project/shoppingrecommendationsystem/data/laptops/FPTShop/images/600820810362.jpg','15990000','14490000','9','2025-05-22T23:59:00.000+07:00','','0',''
'221302828848','10.286866','Lenovo IdeaPad Slim 5 OLED 15ARP10 R7 7735HS (83J3001DVN)','Lenovo IdeaPad Slim 5 OLED 15ARP10 R7 7735HS (83J3001DVN)','Normal','Normal','may-tinh-xach-tay/lenovo-ideapad-slim-5-oled-15arp10-83j3001dvn','21490000','{"code":"04","name":"Máy tính"}','{"code":"64","name":"Lenovo"}','{"code":"04001","name":"Laptop"}','','','','/D:/Shopping-Recommendation-System/target/classes/com/project/shoppingrecommendationsystem/data/laptops/FPTShop/images/221302828848.png','21490000','20190000','6','2025-05-22T23:59:00.000+07:00','','0',''
'108821314687','10.319425','Acer Aspire 7 Gaming A715-76G-73FM i7 12650H','Acer Aspire 7 Gaming A715-76G-73FM i7 12650H','Normal','Normal','may-tinh-xach-tay/acer-aspire-7-gaming-a715-76g-73fm-i7-12650h','25690000','{"code":"04","name":"Máy tính"}','{"code":"2","name":"Acer"}','{"code":"04001","name":"Laptop"}','{"code":"04001003","name":"Laptop Intel"}','','','/D:/Shopping-Recommendation-System/target/classes/com/project/shoppingrecommendationsystem/data/laptops/FPTShop/images/108821314687.png','25690000','15990000','38','2025-05-22T23:59:00.000+07:00','','0',''
'611623124700','10.305998','Gigabyte Gaming G5 MF5-H2VN353KH i7 13620H','Gigabyte Gaming G5 MF5-H2VN353KH i7 13620H','Normal','Normal','may-tinh-xach-tay/gigabyte-gaming-g5-mf5-h2vn353kh-i7-13620h','25490000','{"code":"04","name":"Máy tính"}','{"code":"755","name":"Gigabyte"}','{"code":"04001","name":"Laptop"}','{"code":"04001003","name":"Laptop Intel"}','','','/D:/Shopping-Recommendation-System/target/classes/com/project/shoppingrecommendationsystem/data/laptops/FPTShop/images/611623124700.png','25490000','22990000','10','2025-05-22T23:59:00.000+07:00','','0',''
'375605815949','10.281265','MacBook Air 13 M3 2024 8CPU/8GPU/16GB/256GB','MacBook Air 13 M3 2024 8CPU/8GPU/16GB/256GB','Normal','Normal','may-tinh-xach-tay/macbook-air-m3-13-2024-8cpu-8gpu-16gb-256gb','27990000','{"code":"04","name":"Máy tính"}','{"code":"9","name":"Apple"}','{"code":"04001","name":"Laptop"}','{"code":"04001001","name":"Macbook M"}','','','/D:/Shopping-Recommendation-System/target/classes/com/project/shoppingrecommendationsystem/data/laptops/FPTShop/images/375605815949.png','27990000','23990000','14','2025-05-24T23:59:00.000+07:00','','0',''
'551184011082','10.309838','Lenovo IdeaPad Slim 3 14IRH10 i7-13620H (83K00009VN)','Lenovo IdeaPad Slim 3 14IRH10 i7-13620H (83K00009VN)','Normal','Normal','may-tinh-xach-tay/lenovo-ideapad-slim-3-14irh10-83k00009vn','20490000','{"code":"04","name":"Máy tính"}','{"code":"64","name":"Lenovo"}','{"code":"04001","name":"Laptop"}','','','','/D:/Shopping-Recommendation-System/target/classes/com/project/shoppingrecommendationsystem/data/laptops/FPTShop/images/551184011082.png','20490000','19440000','5','2025-05-22T23:59:00.000+07:00','','0',''
'528517525916','10.274158','MacBook Pro 14 M4 Pro 2024 12CPU/16GPU/24GB/512GB','MacBook Pro 14 M4 Pro 2024 12CPU/16GPU/24GB/512GB','Normal','Normal','may-tinh-xach-tay/macbook-pro-m4-pro-14-2024-12cpu-16gpu-24gb-512gb','49990000','{"code":"04","name":"Máy tính"}','{"code":"9","name":"Apple"}','{"code":"04001","name":"Laptop"}','{"code":"04001001","name":"Macbook M"}','','','/D:/Shopping-Recommendation-System/target/classes/com/project/shoppingrecommendationsystem/data/laptops/FPTShop/images/528517525916.png','49990000','48990000','2','2025-05-24T23:59:00.000+07:00','','0',''
'864618530299','10.258264','Macbook Air 13 M4 2025 10CPU/10GPU/16GB/512GB','Macbook Air 13 M4 2025 10CPU/10GPU/16GB/512GB','Normal','Normal','may-tinh-xach-tay/macbook-air-13-m4-2025-10cpu-10gpu-16gb-512gb','31990000','{"code":"04","name":"Máy tính"}','{"code":"9","name":"Apple"}','{"code":"04001","name":"Laptop"}','{"code":"04001001","name":"Macbook M"}','','','/D:/Shopping-Recommendation-System/target/classes/com/project/shoppingrecommendationsystem/data/laptops/FPTShop/images/864618530299.jpg','31990000','31890000','0','2025-05-24T23:59:00.000+07:00','','0',''
'106734414032','10.249317','Lenovo IdeaPad Slim 5 14IMH9 Ultra 7 155H (83DA006UVN)','Lenovo IdeaPad Slim 5 14IMH9 Ultra 7 155H (83DA006UVN)','Normal','Normal','may-tinh-xach-tay/lenovo-ideapad-slim-5-14imh9-ultra-7-155h','25690000','{"code":"04","name":"Máy tính"}','{"code":"64","name":"Lenovo"}','{"code":"04001","name":"Laptop"}','{"code":"04001003","name":"Laptop Intel"}','','','/D:/Shopping-Recommendation-System/target/classes/com/project/shoppingrecommendationsystem/data/laptops/FPTShop/images/106734414032.jpg','25690000','23990000','7','2025-05-22T23:59:00.000+07:00','','0',''
'12697098901','10.27234','Acer Aspire 5 A515-58GM-53PZ i5 13420H','Acer Aspire 5 A515-58GM-53PZ i5 13420H','Normal','Normal','may-tinh-xach-tay/acer-gaming-aspire-5-a515-58gm-53pz-i5-13420h','20490000','{"code":"04","name":"Máy tính"}','{"code":"2","name":"Acer"}','{"code":"04001","name":"Laptop"}','{"code":"04001003","name":"Laptop Intel"}','','','/D:/Shopping-Recommendation-System/target/classes/com/project/shoppingrecommendationsystem/data/laptops/FPTShop/images/12697098901.jpg','20490000','15490000','24','2025-05-22T23:59:00.000+07:00','','0',''
'565048216314','10.285597','Dell Inspiron N3520 i5 1235U_71045026','Dell Inspiron N3520 i5 1235U_71045026','Normal','Normal','may-tinh-xach-tay/dell-inspiron-n3520-i5-1235u-71045026','17290000','{"code":"04","name":"Máy tính"}','{"code":"26","name":"Dell"}','{"code":"04001","name":"Laptop"}','{"code":"04001003","name":"Laptop Intel"}','','','/D:/Shopping-Recommendation-System/target/classes/com/project/shoppingrecommendationsystem/data/laptops/FPTShop/images/565048216314.png','17290000','16490000','5','2025-05-31T23:59:00.000+07:00','','0',''
'957169829290','10.243317','Asus Zenbook 14 OLED UX3405MA-PP152W Core Ultra 7-155H','Asus Zenbook 14 OLED UX3405MA-PP152W Core Ultra 7-155H','Normal','Normal','may-tinh-xach-tay/asus-zenbook-14-oled-ux3405ma-pp152w-ultra-7-155h','34990000','{"code":"04","name":"Máy tính"}','{"code":"10","name":"Asus"}','{"code":"04001","name":"Laptop"}','{"code":"04001003","name":"Laptop Intel"}','','','/D:/Shopping-Recommendation-System/target/classes/com/project/shoppingrecommendationsystem/data/laptops/FPTShop/images/957169829290.jpg','34990000','30990000','11','2025-05-22T23:59:00.000+07:00','','0',''
'859111013627','10.248399','MSI Gaming Katana 15 B13VFK-676VN i7 13620H','MSI Gaming Katana 15 B13VFK-676VN i7 13620H','Normal','Normal','may-tinh-xach-tay/msi-gaming-katana-15-b13vfk-676vn-i7-13620h','31990000','{"code":"04","name":"Máy tính"}','{"code":"131","name":"MSI"}','{"code":"04001","name":"Laptop"}','{"code":"04001003","name":"Laptop Intel"}','','','/D:/Shopping-Recommendation-System/target/classes/com/project/shoppingrecommendationsystem/data/laptops/FPTShop/images/859111013627.jpg','31990000','27490000','14','2025-05-22T23:59:00.000+07:00','','0',''
'791656427540','10.180159','Gigabyte Gaming G5 MF5-H2PH353KH i7 13620H','Gigabyte Gaming G5 MF5-H2PH353KH i7 13620H','Normal','Normal','may-tinh-xach-tay/gigabyte-gaming-g5-mf5-h2ph353kh-i7-13620h','25490000','{"code":"04","name":"Máy tính"}','{"code":"755","name":"Gigabyte"}','{"code":"04001","name":"Laptop"}','{"code":"04001003","name":"Laptop Intel"}','','','/D:/Shopping-Recommendation-System/target/classes/com/project/shoppingrecommendationsystem/data/laptops/FPTShop/images/791656427540.jpg','25490000','22990000','10','2025-05-22T23:59:00.000+07:00','','0',''
'512115025125','10.185079','HP 14-ep0220TU i3-1315U_B73VWPA','HP 14-ep0220TU i3-1315U_B73VWPA','Normal','Normal','may-tinh-xach-tay/hp-14-ep0220tu-i3-1315u-b73vwpa','13490000','{"code":"04","name":"Máy tính"}','{"code":"43","name":"HP"}','{"code":"04001","name":"Laptop"}','','','','/D:/Shopping-Recommendation-System/target/classes/com/project/shoppingrecommendationsystem/data/laptops/FPTShop/images/512115025125.jpg','13490000','11490000','15','2025-05-22T23:59:00.000+07:00','','0',''
'760192214174','10.17761','Lenovo V15 G4 IRU i7-13620H (83A100RHVN)','Lenovo V15 G4 IRU i7-13620H (83A100RHVN)','Normal','Normal','may-tinh-xach-tay/lenovo-v15-g4-iru-i7-13620h-83a100rhvn','18990000','{"code":"04","name":"Máy tính"}','{"code":"64","name":"Lenovo"}','{"code":"04001","name":"Laptop"}','','','','/D:/Shopping-Recommendation-System/target/classes/com/project/shoppingrecommendationsystem/data/laptops/FPTShop/images/760192214174.jpg','18990000','17490000','8','2025-05-22T23:59:00.000+07:00','','0',''
'183072621850','10.179708','Dell Inspiron N3520 i5 1235U/16GB/512GB/15.6"FHD/Win11/Office HS21','Dell Inspiron N3520 i5 1235U/16GB/512GB/15.6"FHD/Win11/Office HS21','Normal','Normal','may-tinh-xach-tay/dell-inspiron-n3520-i5-1235u-i5-1235ui5u165w11blu-fp','17290000','{"code":"04","name":"Máy tính"}','{"code":"26","name":"Dell"}','{"code":"04001","name":"Laptop"}','','','','/D:/Shopping-Recommendation-System/target/classes/com/project/shoppingrecommendationsystem/data/laptops/FPTShop/images/183072621850.png','17290000','16490000','5','2025-05-31T23:59:00.000+07:00','','0',''
'147341328969','10.183853','Lenovo Gaming LOQ 15IRX9 i5-13450HX (83DV012LVN)','Lenovo Gaming LOQ 15IRX9 i5-13450HX (83DV012LVN)','Normal','Normal','may-tinh-xach-tay/lenovo-gaming-loq-15irx9-83dv012lvn','24490000','{"code":"04","name":"Máy tính"}','{"code":"64","name":"Lenovo"}','{"code":"04001","name":"Laptop"}','','','','/D:/Shopping-Recommendation-System/target/classes/com/project/shoppingrecommendationsystem/data/laptops/FPTShop/images/147341328969.png','24490000','20990000','14','2025-05-22T23:59:00.000+07:00','','0',''
'945222911187','10.177382','Lenovo Gaming LOQ 15IAX9 i5 12450HX (83GS00DBVN)','Lenovo Gaming LOQ 15IAX9 i5 12450HX (83GS00DBVN)','Normal','Normal','may-tinh-xach-tay/lenovo-gaming-loq-15iax9-i5-12450hx-ai-24gb','23990000','{"code":"04","name":"Máy tính"}','{"code":"64","name":"Lenovo"}','{"code":"04001","name":"Laptop"}','{"code":"04001003","name":"Laptop Intel"}','','','/D:/Shopping-Recommendation-System/target/classes/com/project/shoppingrecommendationsystem/data/laptops/FPTShop/images/945222911187.jpg','23990000','19490000','19','2025-05-22T23:59:00.000+07:00','','0',''
'934370125986','10.204747','Dell Vostro V3520 i5 1235U_71030559','Dell Vostro V3520 i5 1235U_71030559','Normal','Normal','may-tinh-xach-tay/dell-vostro-v3520-i5-1235u','17290000','{"code":"04","name":"Máy tính"}','{"code":"26","name":"Dell"}','{"code":"04001","name":"Laptop"}','{"code":"04001003","name":"Laptop Intel"}','','','/D:/Shopping-Recommendation-System/target/classes/com/project/shoppingrecommendationsystem/data/laptops/FPTShop/images/934370125986.jpg','17290000','16490000','5','2025-05-31T23:59:00.000+07:00','','0',''
'42771278618','10.176884','Asus Vivobook X1605VA-MB1826W i3-1315U','Asus Vivobook X1605VA-MB1826W i3-1315U','Normal','Normal','may-tinh-xach-tay/asus-vivobook-x1605va-mb1826w','12690000','{"code":"04","name":"Máy tính"}','{"code":"10","name":"Asus"}','{"code":"04001","name":"Laptop"}','','','','/D:/Shopping-Recommendation-System/target/classes/com/project/shoppingrecommendationsystem/data/laptops/FPTShop/images/42771278618.png','12690000','10490000','17','2025-05-22T23:59:00.000+07:00','','0',''
'666356334786','10.172413','Acer Aspire Lite 16 Gen 2 AL16-52P-572A i5 1334U','Acer Aspire Lite 16 Gen 2 AL16-52P-572A i5 1334U','Normal','Normal','may-tinh-xach-tay/acer-aspire-lite-16-gen-2-al16-52p-572a-i5-1334u','16990000','{"code":"04","name":"Máy tính"}','{"code":"2","name":"Acer"}','{"code":"04001","name":"Laptop"}','','','','/D:/Shopping-Recommendation-System/target/classes/com/project/shoppingrecommendationsystem/data/laptops/FPTShop/images/666356334786.jpg','16990000','13990000','18','2025-05-22T23:59:00.000+07:00','','0',''
'248202137817','10.175983','Asus Vivobook E1504FA-NJ454W R5-7520U','Asus Vivobook E1504FA-NJ454W R5-7520U','Normal','Normal','may-tinh-xach-tay/asus-vivobook-e1504fa-nj454w','14490000','{"code":"04","name":"Máy tính"}','{"code":"10","name":"Asus"}','{"code":"04001","name":"Laptop"}','','','','/D:/Shopping-Recommendation-System/target/classes/com/project/shoppingrecommendationsystem/data/laptops/FPTShop/images/248202137817.png','14490000','11690000','19','2025-05-22T23:59:00.000+07:00','','0',''
'861557159583','10.172321','MSI Modern 14 C13M-608VN i5 1335U','MSI Modern 14 C13M-608VN i5 1335U','Normal','Normal','may-tinh-xach-tay/msi-modern-14-c13m-608vn-i5-1335u','13490000','{"code":"04","name":"Máy tính"}','{"code":"131","name":"MSI"}','{"code":"04001","name":"Laptop"}','{"code":"04001003","name":"Laptop Intel"}','','','/D:/Shopping-Recommendation-System/target/classes/com/project/shoppingrecommendationsystem/data/laptops/FPTShop/images/861557159583.jpg','13490000','12790000','5','2025-05-22T23:59:00.000+07:00','','0',''
'708793233419','10.174561','Asus Vivobook Gaming K3605ZC-RP564W i5-12500H','Asus Vivobook Gaming K3605ZC-RP564W i5-12500H','Normal','Normal','may-tinh-xach-tay/asus-vivobook-gaming-k3605zc-rp564w-i5-12500h','21990000','{"code":"04","name":"Máy tính"}','{"code":"10","name":"Asus"}','{"code":"04001","name":"Laptop"}','{"code":"04001003","name":"Laptop Intel"}','','','/D:/Shopping-Recommendation-System/target/classes/com/project/shoppingrecommendationsystem/data/laptops/FPTShop/images/708793233419.png','21990000','17490000','20','2025-05-22T23:59:00.000+07:00','','0',''
'543668596372','10.167107','Huawei MateBook D15 R7 5700U','Huawei MateBook D15 R7 5700U','Normal','Normal','may-tinh-xach-tay/huawei-bom-wfp9i-matebook-d15-r7-5700u','10990000','{"code":"04","name":"Máy tính"}','{"code":"45","name":"Huawei"}','{"code":"04001","name":"Laptop"}','{"code":"04001002","name":"Laptop AMD"}','','','/D:/Shopping-Recommendation-System/target/classes/com/project/shoppingrecommendationsystem/data/laptops/FPTShop/images/543668596372.jpg','10990000','10490000','5','2025-05-31T23:59:00.000+07:00','','0',''
'741127624775','10.171328','Asus Vivobook X1404ZA-NK387W i3 1215U','Asus Vivobook X1404ZA-NK387W i3 1215U','Normal','Normal','may-tinh-xach-tay/asus-vivobook-x1404za-nk387w-i3-1215u','11990000','{"code":"04","name":"Máy tính"}','{"code":"10","name":"Asus"}','{"code":"04001","name":"Laptop"}','{"code":"04001003","name":"Laptop Intel"}','','','/D:/Shopping-Recommendation-System/target/classes/com/project/shoppingrecommendationsystem/data/laptops/FPTShop/images/741127624775.jpg','11990000','9890000','18','2025-05-22T23:59:00.000+07:00','','0',''
'416454817272','10.166387','HP ProBook 450 G10 i5-1340P','HP ProBook 450 G10 i5-1340P','Normal','Normal','may-tinh-xach-tay/hp-probook-450-g10-i5-1340p','22590000','{"code":"04","name":"Máy tính"}','{"code":"43","name":"HP"}','{"code":"04001","name":"Laptop"}','','','','/D:/Shopping-Recommendation-System/target/classes/com/project/shoppingrecommendationsystem/data/laptops/FPTShop/images/416454817272.jpg','22590000','19990000','12','2025-05-31T23:59:00.000+07:00','','0',''
'690921025013','10.166924','MacBook Pro 14 M4 2024 10CPU/10GPU/16GB/512GB','MacBook Pro 14 M4 2024 10CPU/10GPU/16GB/512GB','Normal','Normal','may-tinh-xach-tay/macbook-pro-m4-14-2024-10cpu-10gpu-16gb-512b','39990000','{"code":"04","name":"Máy tính"}','{"code":"9","name":"Apple"}','{"code":"04001","name":"Laptop"}','{"code":"04001001","name":"Macbook M"}','','','/D:/Shopping-Recommendation-System/target/classes/com/project/shoppingrecommendationsystem/data/laptops/FPTShop/images/690921025013.png','39990000','39590000','1','2025-05-24T23:59:00.000+07:00','','0',''
'046353126540','10.166764','Lenovo Gaming LOQ 15ARP9 R5-7235HS (83JC007HVN)','Lenovo Gaming LOQ 15ARP9 R5-7235HS (83JC007HVN)','Normal','Normal','may-tinh-xach-tay/lenovo-gaming-loq-15arp9-r5-7235hs-83jc007hvn','23490000','{"code":"04","name":"Máy tính"}','{"code":"64","name":"Lenovo"}','{"code":"04001","name":"Laptop"}','','','','/D:/Shopping-Recommendation-System/target/classes/com/project/shoppingrecommendationsystem/data/laptops/FPTShop/images/046353126540.png','23490000','19490000','17','2025-05-22T23:59:00.000+07:00','','0',''
'032855416896','10.159197','Dell Inspiron 15 N3530 i7 1355U_N5I7305W1','Dell Inspiron 15 N3530 i7 1355U_N5I7305W1','Normal','Normal','may-tinh-xach-tay/dell-inspiron-15-n3530-i7-1355u-n5i7305w1','22490000','{"code":"04","name":"Máy tính"}','{"code":"26","name":"Dell"}','{"code":"04001","name":"Laptop"}','','','','/D:/Shopping-Recommendation-System/target/classes/com/project/shoppingrecommendationsystem/data/laptops/FPTShop/images/032855416896.png','22490000','21490000','4','2025-05-22T23:59:00.000+07:00','','0',''
'453768134256','10.159197','Acer Aspire 3 A315-44P-R5QG R7-5700U','Acer Aspire 3 A315-44P-R5QG R7-5700U','Normal','Normal','may-tinh-xach-tay/acer-aspire-3-a315-44p-r5qg-r7-5700u','14990000','{"code":"04","name":"Máy tính"}','{"code":"2","name":"Acer"}','{"code":"04001","name":"Laptop"}','{"code":"04001002","name":"Laptop AMD"}','','','/D:/Shopping-Recommendation-System/target/classes/com/project/shoppingrecommendationsystem/data/laptops/FPTShop/images/453768134256.jpg','14990000','11990000','20','2025-05-22T23:59:00.000+07:00','','0',''
'947007532068','10.166387','Dell Inspiron 15 3520 i5 1235U_i5U165W11SLU','Dell Inspiron 15 3520 i5 1235U_i5U165W11SLU','Normal','Normal','may-tinh-xach-tay/dell-inspiron-15-3520-i5-1235u-u165w11slu','17290000','{"code":"04","name":"Máy tính"}','{"code":"26","name":"Dell"}','{"code":"04001","name":"Laptop"}','','','','/D:/Shopping-Recommendation-System/target/classes/com/project/shoppingrecommendationsystem/data/laptops/FPTShop/images/947007532068.png','17290000','16490000','5','2025-05-31T23:59:00.000+07:00','','0',''
'510107136292','10.144226','HP 15-fd0083TU i7 1355U (8D736PA)','HP 15-fd0083TU i7 1355U (8D736PA)','Normal','Normal','may-tinh-xach-tay/hp-15-fd0083tu-i7-1355u','22490000','{"code":"04","name":"Máy tính"}','{"code":"43","name":"HP"}','{"code":"04001","name":"Laptop"}','{"code":"04001003","name":"Laptop Intel"}','','','/D:/Shopping-Recommendation-System/target/classes/com/project/shoppingrecommendationsystem/data/laptops/FPTShop/images/510107136292.jpg','22490000','19190000','15','2025-05-22T23:59:00.000+07:00','','0',''
'056245414441','10.162166','Asus TUF Gaming A15 FA506NCR-HN097W R7-7435HS','Asus TUF Gaming A15 FA506NCR-HN097W R7-7435HS','Normal','Normal','may-tinh-xach-tay/asus-tuf-gaming-a15-fa506ncr-hn097w-r7-7435hs','21990000','{"code":"04","name":"Máy tính"}','{"code":"10","name":"Asus"}','{"code":"04001","name":"Laptop"}','','','','/D:/Shopping-Recommendation-System/target/classes/com/project/shoppingrecommendationsystem/data/laptops/FPTShop/images/056245414441.png','21990000','19990000','9','2025-05-22T23:59:00.000+07:00','','0',''
'285686710762','10.143864','Lenovo IdeaPad Slim 3 14IRH10 i5-13420H (83K0000AVN)','Lenovo IdeaPad Slim 3 14IRH10 i5-13420H (83K0000AVN)','Normal','Normal','may-tinh-xach-tay/lenovo-ideapad-slim-3-14irh10-83k0000avn','17490000','{"code":"04","name":"Máy tính"}','{"code":"64","name":"Lenovo"}','{"code":"04001","name":"Laptop"}','','','','/D:/Shopping-Recommendation-System/target/classes/com/project/shoppingrecommendationsystem/data/laptops/FPTShop/images/285686710762.png','17490000','16490000','6','2025-05-22T23:59:00.000+07:00','','0',''
'065892624461','10.148566','MSI Modern 14 F13MG-027VN i5-1335U','MSI Modern 14 F13MG-027VN i5-1335U','Normal','Normal','may-tinh-xach-tay/msi-modern-14-f13mg-027vn-i5-1335u','16690000','{"code":"04","name":"Máy tính"}','{"code":"131","name":"MSI"}','{"code":"04001","name":"Laptop"}','','','','/D:/Shopping-Recommendation-System/target/classes/com/project/shoppingrecommendationsystem/data/laptops/FPTShop/images/065892624461.png','16690000','13490000','19','2025-05-22T23:59:00.000+07:00','','0',''
'543667801489','10.15402','Asus TUF Gaming FX507ZC4-HN095W i5 12500H','Asus TUF Gaming FX507ZC4-HN095W i5 12500H','Normal','Normal','may-tinh-xach-tay/asus-tuf-gaming-fx507zc4-hn095w-i5-12500h','22490000','{"code":"04","name":"Máy tính"}','{"code":"10","name":"Asus"}','{"code":"04001","name":"Laptop"}','{"code":"04001003","name":"Laptop Intel"}','','','/D:/Shopping-Recommendation-System/target/classes/com/project/shoppingrecommendationsystem/data/laptops/FPTShop/images/543667801489.png','22490000','19490000','13','2025-05-22T23:59:00.000+07:00','','0',''
'547235416981','10.157011','Dell Inspiron 15 3520 i5 1235U_i5U165W11BLU-FP','Dell Inspiron 15 3520 i5 1235U_i5U165W11BLU-FP','Normal','Normal','may-tinh-xach-tay/dell-inspiron-15-3520-i5-1235u-i5u165w11blu-fp','17290000','{"code":"04","name":"Máy tính"}','{"code":"26","name":"Dell"}','{"code":"04001","name":"Laptop"}','','','','/D:/Shopping-Recommendation-System/target/classes/com/project/shoppingrecommendationsystem/data/laptops/FPTShop/images/547235416981.png','17290000','16490000','5','2025-05-31T23:59:00.000+07:00','','0',''
'640859430061','10.1430235','HP Gaming Victus 16-s0173AX R5-7640HS/A9LG9PA','HP Gaming Victus 16-s0173AX R5-7640HS/A9LG9PA','Normal','Normal','may-tinh-xach-tay/hp-gaming-victus-16-s0173ax-r5-7640hs-a9lg9pa','27390000','{"code":"04","name":"Máy tính"}','{"code":"43","name":"HP"}','{"code":"04001","name":"Laptop"}','{"code":"04001002","name":"Laptop AMD"}','','','/D:/Shopping-Recommendation-System/target/classes/com/project/shoppingrecommendationsystem/data/laptops/FPTShop/images/640859430061.png','27390000','19890000','27','2025-05-22T23:59:00.000+07:00','','0',''
'887652712360','10.135662','Asus Gaming Vivobook K3605ZF-RP634W i5-12500H','Asus Gaming Vivobook K3605ZF-RP634W i5-12500H','Normal','Normal','may-tinh-xach-tay/asus-gaming-vivobook-k3605zf-rp634w-i5-12500h','19490000','{"code":"04","name":"Máy tính"}','{"code":"10","name":"Asus"}','{"code":"04001","name":"Laptop"}','{"code":"04001003","name":"Laptop Intel"}','','','/D:/Shopping-Recommendation-System/target/classes/com/project/shoppingrecommendationsystem/data/laptops/FPTShop/images/887652712360.png','19490000','16490000','15','2025-05-22T23:59:00.000+07:00','','0',''
'205585924565','10.138262','Asus Vivobook 16 M1607KA-MB091WS Ryzen AI 7 350','Asus Vivobook 16 M1607KA-MB091WS Ryzen AI 7 350','Normal','Normal','may-tinh-xach-tay/asus-vivobook-16-m1607ka-mb091ws','22990000','{"code":"04","name":"Máy tính"}','{"code":"10","name":"Asus"}','{"code":"04001","name":"Laptop"}','','','','/D:/Shopping-Recommendation-System/target/classes/com/project/shoppingrecommendationsystem/data/laptops/FPTShop/images/205585924565.png','22990000','19990000','13','2025-05-22T23:59:00.000+07:00','','0',''
'294089912559','10.1170845','Dell Inspiron 15 3520 i5 1235U/16GB/512GB','Dell Inspiron 15 3520 i5 1235U/16GB/512GB','Normal','Normal','may-tinh-xach-tay/dell-inspiron-15-3520-i5-1235u','17990000','{"code":"04","name":"Máy tính"}','{"code":"26","name":"Dell"}','{"code":"04001","name":"Laptop"}','','','','/D:/Shopping-Recommendation-System/target/classes/com/project/shoppingrecommendationsystem/data/laptops/FPTShop/images/294089912559.png','17990000','16490000','8','2025-05-22T23:59:00.000+07:00','','0',''
'836547146168','10.1111765','Acer Aspire 7 Gaming A715-76G-5806 i5 12450H (NH.QMFSV.002)','Acer Aspire 7 Gaming A715-76G-5806 i5 12450H (NH.QMFSV.002)','Normal','Normal','may-tinh-xach-tay/acer-aspire-7-gaming-a715-76g-5806-i5-12450h','22990000','{"code":"04","name":"Máy tính"}','{"code":"2","name":"Acer"}','{"code":"04001","name":"Laptop"}','{"code":"04001003","name":"Laptop Intel"}','','','/D:/Shopping-Recommendation-System/target/classes/com/project/shoppingrecommendationsystem/data/laptops/FPTShop/images/836547146168.jpg','22990000','18690000','19','2025-05-22T23:59:00.000+07:00','','0',''
'375605815949','10.104367','MacBook Air 13 M3 2024 8CPU/8GPU/16GB/256GB','MacBook Air 13 M3 2024 8CPU/8GPU/16GB/256GB','Normal','Normal','may-tinh-xach-tay/macbook-air-m3-13-2024-8cpu-8gpu-16gb-256gb','27990000','{"code":"04","name":"Máy tính"}','{"code":"9","name":"Apple"}','{"code":"04001","name":"Laptop"}','{"code":"04001001","name":"Macbook M"}','','','/D:/Shopping-Recommendation-System/target/classes/com/project/shoppingrecommendationsystem/data/laptops/FPTShop/images/375605815949.png','27990000','23990000','14','2025-05-24T23:59:00.000+07:00','','0',''
'228257628029','10.103334','Lenovo IdeaPad Slim 5 14Q8X9 X1P-42-100 (83HL000KVN)','Lenovo IdeaPad Slim 5 14Q8X9 X1P-42-100 (83HL000KVN)','Normal','Normal','may-tinh-xach-tay/lenovo-ideapad-slim-5-14q8x9-83hl000kvn','24990000','{"code":"04","name":"Máy tính"}','{"code":"64","name":"Lenovo"}','{"code":"04001","name":"Laptop"}','','','','/D:/Shopping-Recommendation-System/target/classes/com/project/shoppingrecommendationsystem/data/laptops/FPTShop/images/228257628029.png','24990000','19490000','22','2025-05-22T23:59:00.000+07:00','','0',''
'565048216314','10.108698','Dell Inspiron N3520 i5 1235U_71045026','Dell Inspiron N3520 i5 1235U_71045026','Normal','Normal','may-tinh-xach-tay/dell-inspiron-n3520-i5-1235u-71045026','17290000','{"code":"04","name":"Máy tính"}','{"code":"26","name":"Dell"}','{"code":"04001","name":"Laptop"}','{"code":"04001003","name":"Laptop Intel"}','','','/D:/Shopping-Recommendation-System/target/classes/com/project/shoppingrecommendationsystem/data/laptops/FPTShop/images/565048216314.png','17290000','16490000','5','2025-05-31T23:59:00.000+07:00','','0',''
'611623124700','10.129099','Gigabyte Gaming G5 MF5-H2VN353KH i7 13620H','Gigabyte Gaming G5 MF5-H2VN353KH i7 13620H','Normal','Normal','may-tinh-xach-tay/gigabyte-gaming-g5-mf5-h2vn353kh-i7-13620h','25490000','{"code":"04","name":"Máy tính"}','{"code":"755","name":"Gigabyte"}','{"code":"04001","name":"Laptop"}','{"code":"04001003","name":"Laptop Intel"}','','','/D:/Shopping-Recommendation-System/target/classes/com/project/shoppingrecommendationsystem/data/laptops/FPTShop/images/611623124700.png','25490000','22990000','10','2025-05-22T23:59:00.000+07:00','','0',''
'12697098901','10.095442','Acer Aspire 5 A515-58GM-53PZ i5 13420H','Acer Aspire 5 A515-58GM-53PZ i5 13420H','Normal','Normal','may-tinh-xach-tay/acer-gaming-aspire-5-a515-58gm-53pz-i5-13420h','20490000','{"code":"04","name":"Máy tính"}','{"code":"2","name":"Acer"}','{"code":"04001","name":"Laptop"}','{"code":"04001003","name":"Laptop Intel"}','','','/D:/Shopping-Recommendation-System/target/classes/com/project/shoppingrecommendationsystem/data/laptops/FPTShop/images/12697098901.jpg','20490000','15490000','24','2025-05-22T23:59:00.000+07:00','','0',''
'859111013627','10.071501','MSI Gaming Katana 15 B13VFK-676VN i7 13620H','MSI Gaming Katana 15 B13VFK-676VN i7 13620H','Normal','Normal','may-tinh-xach-tay/msi-gaming-katana-15-b13vfk-676vn-i7-13620h','31990000','{"code":"04","name":"Máy tính"}','{"code":"131","name":"MSI"}','{"code":"04001","name":"Laptop"}','{"code":"04001003","name":"Laptop Intel"}','','','/D:/Shopping-Recommendation-System/target/classes/com/project/shoppingrecommendationsystem/data/laptops/FPTShop/images/859111013627.jpg','31990000','27490000','14','2025-05-22T23:59:00.000+07:00','','0',''
'611931427112','10.076876','Asus TUF Gaming FA507NUR-LP101W R7-7435HS','Asus TUF Gaming FA507NUR-LP101W R7-7435HS','Normal','Normal','may-tinh-xach-tay/asus-tuf-gaming-fa507nur-lp101w-r7-7435hs','28490000','{"code":"04","name":"Máy tính"}','{"code":"10","name":"Asus"}','{"code":"04001","name":"Laptop"}','{"code":"04001002","name":"Laptop AMD"}','','','/D:/Shopping-Recommendation-System/target/classes/com/project/shoppingrecommendationsystem/data/laptops/FPTShop/images/611931427112.png','28490000','24490000','14','2025-05-22T23:59:00.000+07:00','','0',''
'106734414032','10.091568','Lenovo IdeaPad Slim 5 14IMH9 Ultra 7 155H (83DA006UVN)','Lenovo IdeaPad Slim 5 14IMH9 Ultra 7 155H (83DA006UVN)','Normal','Normal','may-tinh-xach-tay/lenovo-ideapad-slim-5-14imh9-ultra-7-155h','25690000','{"code":"04","name":"Máy tính"}','{"code":"64","name":"Lenovo"}','{"code":"04001","name":"Laptop"}','{"code":"04001003","name":"Laptop Intel"}','','','/D:/Shopping-Recommendation-System/target/classes/com/project/shoppingrecommendationsystem/data/laptops/FPTShop/images/106734414032.jpg','25690000','23990000','7','2025-05-22T23:59:00.000+07:00','','0',''
'957169829290','10.066419','Asus Zenbook 14 OLED UX3405MA-PP152W Core Ultra 7-155H','Asus Zenbook 14 OLED UX3405MA-PP152W Core Ultra 7-155H','Normal','Normal','may-tinh-xach-tay/asus-zenbook-14-oled-ux3405ma-pp152w-ultra-7-155h','34990000','{"code":"04","name":"Máy tính"}','{"code":"10","name":"Asus"}','{"code":"04001","name":"Laptop"}','{"code":"04001003","name":"Laptop Intel"}','','','/D:/Shopping-Recommendation-System/target/classes/com/project/shoppingrecommendationsystem/data/laptops/FPTShop/images/957169829290.jpg','34990000','30990000','11','2025-05-22T23:59:00.000+07:00','','0',''
'864618530299','10.081365','Macbook Air 13 M4 2025 10CPU/10GPU/16GB/512GB','Macbook Air 13 M4 2025 10CPU/10GPU/16GB/512GB','Normal','Normal','may-tinh-xach-tay/macbook-air-13-m4-2025-10cpu-10gpu-16gb-512gb','31990000','{"code":"04","name":"Máy tính"}','{"code":"9","name":"Apple"}','{"code":"04001","name":"Laptop"}','{"code":"04001001","name":"Macbook M"}','','','/D:/Shopping-Recommendation-System/target/classes/com/project/shoppingrecommendationsystem/data/laptops/FPTShop/images/864618530299.jpg','31990000','31890000','0','2025-05-24T23:59:00.000+07:00','','0',''
'760192214174','10.019861','Lenovo V15 G4 IRU i7-13620H (83A100RHVN)','Lenovo V15 G4 IRU i7-13620H (83A100RHVN)','Normal','Normal','may-tinh-xach-tay/lenovo-v15-g4-iru-i7-13620h-83a100rhvn','18990000','{"code":"04","name":"Máy tính"}','{"code":"64","name":"Lenovo"}','{"code":"04001","name":"Laptop"}','','','','/D:/Shopping-Recommendation-System/target/classes/com/project/shoppingrecommendationsystem/data/laptops/FPTShop/images/760192214174.jpg','18990000','17490000','8','2025-05-22T23:59:00.000+07:00','','0',''
'934370125986','10.027849','Dell Vostro V3520 i5 1235U_71030559','Dell Vostro V3520 i5 1235U_71030559','Normal','Normal','may-tinh-xach-tay/dell-vostro-v3520-i5-1235u','17290000','{"code":"04","name":"Máy tính"}','{"code":"26","name":"Dell"}','{"code":"04001","name":"Laptop"}','{"code":"04001003","name":"Laptop Intel"}','','','/D:/Shopping-Recommendation-System/target/classes/com/project/shoppingrecommendationsystem/data/laptops/FPTShop/images/934370125986.jpg','17290000','16490000','5','2025-05-31T23:59:00.000+07:00','','0',''
'432287428516','10.047634','Lenovo IdeaPad Slim 3 16IRH10 i7-13620H (83K20001VN)','Lenovo IdeaPad Slim 3 16IRH10 i7-13620H (83K20001VN)','Normal','Normal','may-tinh-xach-tay/lenovo-ideapad-slim-3-16irh10-i7-13620h-83k20001-vn','19490000','{"code":"04","name":"Máy tính"}','{"code":"64","name":"Lenovo"}','{"code":"04001","name":"Laptop"}','','','','/D:/Shopping-Recommendation-System/target/classes/com/project/shoppingrecommendationsystem/data/laptops/FPTShop/images/432287428516.png','19490000','18490000','5','2025-05-22T23:59:00.000+07:00','','0',''
'690921025013','10.009175','MacBook Pro 14 M4 2024 10CPU/10GPU/16GB/512GB','MacBook Pro 14 M4 2024 10CPU/10GPU/16GB/512GB','Normal','Normal','may-tinh-xach-tay/macbook-pro-m4-14-2024-10cpu-10gpu-16gb-512b','39990000','{"code":"04","name":"Máy tính"}','{"code":"9","name":"Apple"}','{"code":"04001","name":"Laptop"}','{"code":"04001001","name":"Macbook M"}','','','/D:/Shopping-Recommendation-System/target/classes/com/project/shoppingrecommendationsystem/data/laptops/FPTShop/images/690921025013.png','39990000','39590000','1','2025-05-24T23:59:00.000+07:00','','0',''
'791656427540','10.00326','Gigabyte Gaming G5 MF5-H2PH353KH i7 13620H','Gigabyte Gaming G5 MF5-H2PH353KH i7 13620H','Normal','Normal','may-tinh-xach-tay/gigabyte-gaming-g5-mf5-h2ph353kh-i7-13620h','25490000','{"code":"04","name":"Máy tính"}','{"code":"755","name":"Gigabyte"}','{"code":"04001","name":"Laptop"}','{"code":"04001003","name":"Laptop Intel"}','','','/D:/Shopping-Recommendation-System/target/classes/com/project/shoppingrecommendationsystem/data/laptops/FPTShop/images/791656427540.jpg','25490000','22990000','10','2025-05-22T23:59:00.000+07:00','','0',''
'937764712088','10.041427','Lenovo Ideapad Slim 5 14AKP10 Ryzen AI 5 340 (83HX001KVN)','Lenovo Ideapad Slim 5 14AKP10 Ryzen AI 5 340 (83HX001KVN)','Normal','Normal','may-tinh-xach-tay/lenovo-ideapad-slim-5-14akp10-ryzen-ai-5-340-83hx001kvn','22990000','{"code":"04","name":"Máy tính"}','{"code":"64","name":"Lenovo"}','{"code":"04001","name":"Laptop"}','','','','/D:/Shopping-Recommendation-System/target/classes/com/project/shoppingrecommendationsystem/data/laptops/FPTShop/images/937764712088.png','22990000','21990000','4','2025-05-22T23:59:00.000+07:00','','0',''
'543668596372','9.990208','Huawei MateBook D15 R7 5700U','Huawei MateBook D15 R7 5700U','Normal','Normal','may-tinh-xach-tay/huawei-bom-wfp9i-matebook-d15-r7-5700u','10990000','{"code":"04","name":"Máy tính"}','{"code":"45","name":"Huawei"}','{"code":"04001","name":"Laptop"}','{"code":"04001002","name":"Laptop AMD"}','','','/D:/Shopping-Recommendation-System/target/classes/com/project/shoppingrecommendationsystem/data/laptops/FPTShop/images/543668596372.jpg','10990000','10490000','5','2025-05-31T23:59:00.000+07:00','','0',''
'510107136292','9.986477','HP 15-fd0083TU i7 1355U (8D736PA)','HP 15-fd0083TU i7 1355U (8D736PA)','Normal','Normal','may-tinh-xach-tay/hp-15-fd0083tu-i7-1355u','22490000','{"code":"04","name":"Máy tính"}','{"code":"43","name":"HP"}','{"code":"04001","name":"Laptop"}','{"code":"04001003","name":"Laptop Intel"}','','','/D:/Shopping-Recommendation-System/target/classes/com/project/shoppingrecommendationsystem/data/laptops/FPTShop/images/510107136292.jpg','22490000','19190000','15','2025-05-22T23:59:00.000+07:00','','0',''
'861557159583','10.014572','MSI Modern 14 C13M-608VN i5 1335U','MSI Modern 14 C13M-608VN i5 1335U','Normal','Normal','may-tinh-xach-tay/msi-modern-14-c13m-608vn-i5-1335u','13490000','{"code":"04","name":"Máy tính"}','{"code":"131","name":"MSI"}','{"code":"04001","name":"Laptop"}','{"code":"04001003","name":"Laptop Intel"}','','','/D:/Shopping-Recommendation-System/target/classes/com/project/shoppingrecommendationsystem/data/laptops/FPTShop/images/861557159583.jpg','13490000','12790000','5','2025-05-22T23:59:00.000+07:00','','0',''
'434669416153','9.97202','Lenovo IdeaPad Slim 3 15IRH10 i5 13420H (83K1002NVN)','Lenovo IdeaPad Slim 3 15IRH10 i5 13420H (83K1002NVN)','Normal','Normal','may-tinh-xach-tay/lenovo-ideapad-slim-3-15irh10-i5-13420h-83k1002nvn','20990000','{"code":"04","name":"Máy tính"}','{"code":"64","name":"Lenovo"}','{"code":"04001","name":"Laptop"}','','','','/D:/Shopping-Recommendation-System/target/classes/com/project/shoppingrecommendationsystem/data/laptops/FPTShop/images/434669416153.png','20990000','19690000','6','2025-05-22T23:59:00.000+07:00','','0',''
'639565232958','9.948343','Asus Vivobook S 14 S5406SA-PP060WS Core Ultra 5-226V','Asus Vivobook S 14 S5406SA-PP060WS Core Ultra 5-226V','Normal','Normal','may-tinh-xach-tay/asus-vivobook-s-14-s5406sa-pp060ws','28990000','{"code":"04","name":"Máy tính"}','{"code":"10","name":"Asus"}','{"code":"04001","name":"Laptop"}','','','','/D:/Shopping-Recommendation-System/target/classes/com/project/shoppingrecommendationsystem/data/laptops/FPTShop/images/639565232958.png','28990000','25790000','11','2025-05-22T23:59:00.000+07:00','','0',''
'879454733722','10.001458','MSI Gaming Cyborg 14 A13UDX-099VN i7-13620H','MSI Gaming Cyborg 14 A13UDX-099VN i7-13620H','Normal','Normal','may-tinh-xach-tay/msi-gaming-cyborg-14-a13udx-099vn-i7-13620h','25990000','{"code":"04","name":"Máy tính"}','{"code":"131","name":"MSI"}','{"code":"04001","name":"Laptop"}','{"code":"04001003","name":"Laptop Intel"}','','','/D:/Shopping-Recommendation-System/target/classes/com/project/shoppingrecommendationsystem/data/laptops/FPTShop/images/879454733722.png','25990000','23990000','8','2025-05-22T23:59:00.000+07:00','','0',''
'205585924565','9.980513','Asus Vivobook 16 M1607KA-MB091WS Ryzen AI 7 350','Asus Vivobook 16 M1607KA-MB091WS Ryzen AI 7 350','Normal','Normal','may-tinh-xach-tay/asus-vivobook-16-m1607ka-mb091ws','22990000','{"code":"04","name":"Máy tính"}','{"code":"10","name":"Asus"}','{"code":"04001","name":"Laptop"}','','','','/D:/Shopping-Recommendation-System/target/classes/com/project/shoppingrecommendationsystem/data/laptops/FPTShop/images/205585924565.png','22990000','19990000','13','2025-05-22T23:59:00.000+07:00','','0',''
'543668006638','9.906396','Acer Swift 3 SF314-512-741L i7 1260P (NX.K7JSV.001)','Acer Swift 3 SF314-512-741L i7 1260P (NX.K7JSV.001)','Normal','Normal','may-tinh-xach-tay/acer-swift-3-sf314-512-741l-i7-1260p','29490000','{"code":"04","name":"Máy tính"}','{"code":"2","name":"Acer"}','{"code":"04001","name":"Laptop"}','{"code":"04001003","name":"Laptop Intel"}','','','/D:/Shopping-Recommendation-System/target/classes/com/project/shoppingrecommendationsystem/data/laptops/FPTShop/images/543668006638.jpg','29490000','17990000','39','2025-05-22T23:59:00.000+07:00','','0',''
'628192014548','9.898814','Asus Zenbook S 14 OLED UX5406SA-PV140WS Core Ultra 7-258V','Asus Zenbook S 14 OLED UX5406SA-PV140WS Core Ultra 7-258V','Normal','Normal','may-tinh-xach-tay/asus-zenbook-s-14-oled-ux5406sa-pv140ws','44990000','{"code":"04","name":"Máy tính"}','{"code":"10","name":"Asus"}','{"code":"04001","name":"Laptop"}','{"code":"04001003","name":"Laptop Intel"}','','','/D:/Shopping-Recommendation-System/target/classes/com/project/shoppingrecommendationsystem/data/laptops/FPTShop/images/628192014548.png','44990000','40990000','9','2025-05-31T23:59:00.000+07:00','','0',''
'294089912559','9.9401865','Dell Inspiron 15 3520 i5 1235U/16GB/512GB','Dell Inspiron 15 3520 i5 1235U/16GB/512GB','Normal','Normal','may-tinh-xach-tay/dell-inspiron-15-3520-i5-1235u','17990000','{"code":"04","name":"Máy tính"}','{"code":"26","name":"Dell"}','{"code":"04001","name":"Laptop"}','','','','/D:/Shopping-Recommendation-System/target/classes/com/project/shoppingrecommendationsystem/data/laptops/FPTShop/images/294089912559.png','17990000','16490000','8','2025-05-22T23:59:00.000+07:00','','0',''
'345542617094','9.908297','Lenovo IdeaPad Slim 3 15IRH10 i5 13420H (83K1002PVN)','Lenovo IdeaPad Slim 3 15IRH10 i5 13420H (83K1002PVN)','Normal','Normal','may-tinh-xach-tay/lenovo-ideapad-slim-3-15irh10-i5-13420h-83k1002pvn','19990000','{"code":"04","name":"Máy tính"}','{"code":"64","name":"Lenovo"}','{"code":"04001","name":"Laptop"}','','','','/D:/Shopping-Recommendation-System/target/classes/com/project/shoppingrecommendationsystem/data/laptops/FPTShop/images/345542617094.png','19990000','18690000','7','2025-05-22T23:59:00.000+07:00','','0',''
'980490911722','9.9232025','Dell Inspiron 15 3530 i7 1355U_P16WD','Dell Inspiron 15 3530 i7 1355U_P16WD','Normal','Normal','may-tinh-xach-tay/dell-inspiron-15-3530-i7-1355u-p16wd','23490000','{"code":"04","name":"Máy tính"}','{"code":"26","name":"Dell"}','{"code":"04001","name":"Laptop"}','','','','/D:/Shopping-Recommendation-System/target/classes/com/project/shoppingrecommendationsystem/data/laptops/FPTShop/images/980490911722.png','23490000','22490000','4','2025-05-31T23:59:00.000+07:00','','0',''
'815104927516','9.931751','HP Gaming Victus 16-r0127TX i7-13700H (8C5N2PA)','HP Gaming Victus 16-r0127TX i7-13700H (8C5N2PA)','Normal','Normal','may-tinh-xach-tay/hp-victus-16-r0127tx-8c5n2pa-i7-13700h','38390000','{"code":"04","name":"Máy tính"}','{"code":"43","name":"HP"}','{"code":"04001","name":"Laptop"}','{"code":"04001003","name":"Laptop Intel"}','','','/D:/Shopping-Recommendation-System/target/classes/com/project/shoppingrecommendationsystem/data/laptops/FPTShop/images/815104927516.png','38390000','30990000','19','2025-05-22T23:59:00.000+07:00','','0',''
'178210514203','9.883188','Lenovo Ideapad Slim 3 15IRH8 i7 13620H (83EM003EVN)','Lenovo Ideapad Slim 3 15IRH8 i7 13620H (83EM003EVN)','Normal','Normal','may-tinh-xach-tay/lenovo-ideapad-slim-3-15irh8-i7-13620h','18490000','{"code":"04","name":"Máy tính"}','{"code":"64","name":"Lenovo"}','{"code":"04001","name":"Laptop"}','{"code":"04001003","name":"Laptop Intel"}','','','/D:/Shopping-Recommendation-System/target/classes/com/project/shoppingrecommendationsystem/data/laptops/FPTShop/images/178210514203.jpg','18490000','16990000','8','2025-05-22T23:59:00.000+07:00','','0',''
'334001138771','9.898814','Asus Vivobook 15 OLED A1505VA-MA469W i9-13900H','Asus Vivobook 15 OLED A1505VA-MA469W i9-13900H','Normal','Normal','may-tinh-xach-tay/asus-vivobook-15-oled-a1505va-ma469w-i9-13900h','24990000','{"code":"04","name":"Máy tính"}','{"code":"10","name":"Asus"}','{"code":"04001","name":"Laptop"}','{"code":"04001003","name":"Laptop Intel"}','','','/D:/Shopping-Recommendation-System/target/classes/com/project/shoppingrecommendationsystem/data/laptops/FPTShop/images/334001138771.png','24990000','22490000','10','2025-05-22T23:59:00.000+07:00','','0',''
'424276227039','9.89108','MSI Modern 15 H C13M-216VN i7-13700H','MSI Modern 15 H C13M-216VN i7-13700H','Normal','Normal','may-tinh-xach-tay/msi-modern-15-h-c13m-216vn-i7-13700h','22490000','{"code":"04","name":"Máy tính"}','{"code":"131","name":"MSI"}','{"code":"04001","name":"Laptop"}','','','','/D:/Shopping-Recommendation-System/target/classes/com/project/shoppingrecommendationsystem/data/laptops/FPTShop/images/424276227039.png','22490000','17290000','23','2025-05-22T23:59:00.000+07:00','','0',''
'711644212361','9.864673','Dell Inspiron 15 3530 i5 1334U/16GB/512GB','Dell Inspiron 15 3530 i5 1334U/16GB/512GB','Normal','Normal','may-tinh-xach-tay/dell-inspiron-15-3530-i5-1334u','19990000','{"code":"04","name":"Máy tính"}','{"code":"26","name":"Dell"}','{"code":"04001","name":"Laptop"}','','','','/D:/Shopping-Recommendation-System/target/classes/com/project/shoppingrecommendationsystem/data/laptops/FPTShop/images/711644212361.png','19990000','18490000','8','2025-05-31T23:59:00.000+07:00','','0',''
'480811538353','9.816969','Macbook Air M2 13 2022 8CPU 10GPU/16GB/256GB','Macbook Air M2 13 2022 8CPU 10GPU/16GB/256GB','Normal','Normal','may-tinh-xach-tay/macbook-air-m2-13-inch-2022-8cpu-10gpu-16gb-256gb','29990000','{"code":"04","name":"Máy tính"}','{"code":"9","name":"Apple"}','{"code":"04001","name":"Laptop"}','{"code":"04001001","name":"Macbook M"}','','','/D:/Shopping-Recommendation-System/target/classes/com/project/shoppingrecommendationsystem/data/laptops/FPTShop/images/480811538353.jpg','29990000','22990000','23','2025-05-24T23:59:00.000+07:00','','0',''
'234763512150','9.823301','HP Envy X360 14-fc01062TU Core Ultra 5-125U (AY8X1PA)','HP Envy X360 14-fc01062TU Core Ultra 5-125U (AY8X1PA)','Normal','Normal','may-tinh-xach-tay/hp-envy-x360-14-fc01062tu-core-ultra-5-125u-ay8x1pa','29890000','{"code":"04","name":"Máy tính"}','{"code":"43","name":"HP"}','{"code":"04001","name":"Laptop"}','{"code":"04001003","name":"Laptop Intel"}','','','/D:/Shopping-Recommendation-System/target/classes/com/project/shoppingrecommendationsystem/data/laptops/FPTShop/images/234763512150.png','29890000','26990000','10','2025-05-22T23:59:00.000+07:00','','0',''
'011281333455','9.841275','MSI Gaming Katana 15 B13VFK-2099VN i7 13620H','MSI Gaming Katana 15 B13VFK-2099VN i7 13620H','Normal','Normal','may-tinh-xach-tay/msi-gaming-katana-15-b13vfk-2099vn-i7-13620h','33990000','{"code":"04","name":"Máy tính"}','{"code":"131","name":"MSI"}','{"code":"04001","name":"Laptop"}','{"code":"04001003","name":"Laptop Intel"}','','','/D:/Shopping-Recommendation-System/target/classes/com/project/shoppingrecommendationsystem/data/laptops/FPTShop/images/011281333455.png','33990000','29390000','14','2025-05-22T23:59:00.000+07:00','','0',''
'900855027719','9.896507','Lenovo Gaming LOQ 15ARP9 R7-7435HS (83JC003VVN)','Lenovo Gaming LOQ 15ARP9 R7-7435HS (83JC003VVN)','Normal','Normal','may-tinh-xach-tay/lenovo-gaming-loq-15arp9-83jc003vvn','27490000','{"code":"04","name":"Máy tính"}','{"code":"64","name":"Lenovo"}','{"code":"04001","name":"Laptop"}','','','','/D:/Shopping-Recommendation-System/target/classes/com/project/shoppingrecommendationsystem/data/laptops/FPTShop/images/900855027719.png','27490000','23990000','13','2025-05-22T23:59:00.000+07:00','','0',''
'534146642274','9.849997','Lenovo V14 G4 IRU I5-13420H (83A000FQVN)','Lenovo V14 G4 IRU I5-13420H (83A000FQVN)','Normal','Normal','may-tinh-xach-tay/lenovo-v14-g4-iru-i5-13420h-83a000fqvn','15490000','{"code":"04","name":"Máy tính"}','{"code":"64","name":"Lenovo"}','{"code":"04001","name":"Laptop"}','','','','/D:/Shopping-Recommendation-System/target/classes/com/project/shoppingrecommendationsystem/data/laptops/FPTShop/images/534146642274.jpg','15490000','14490000','6','2025-05-22T23:59:00.000+07:00','','0',''
'861557140019','9.806102','HP 14s-em0078AU R5 7520U (80R28PA)','HP 14s-em0078AU R5 7520U (80R28PA)','Normal','Normal','may-tinh-xach-tay/hp-14s-em0078au-r5-7520u','14190000','{"code":"04","name":"Máy tính"}','{"code":"43","name":"HP"}','{"code":"04001","name":"Laptop"}','{"code":"04001002","name":"Laptop AMD"}','','','/D:/Shopping-Recommendation-System/target/classes/com/project/shoppingrecommendationsystem/data/laptops/FPTShop/images/861557140019.jpg','14190000','10690000','25','2025-05-31T23:59:00.000+07:00','','0',''
'477960426837','9.804593','Lenovo Yoga Pro 7 14ASP9 R9 AI 365 (83HN0022VN)','Lenovo Yoga Pro 7 14ASP9 R9 AI 365 (83HN0022VN)','Normal','Normal','may-tinh-xach-tay/lenovo-yoga-pro-7-14asp9-83hn0022vn','41990000','{"code":"04","name":"Máy tính"}','{"code":"64","name":"Lenovo"}','{"code":"04001","name":"Laptop"}','','','','/D:/Shopping-Recommendation-System/target/classes/com/project/shoppingrecommendationsystem/data/laptops/FPTShop/images/477960426837.png','41990000','39490000','6','2025-05-22T23:59:00.000+07:00','','0',''
'220525936415','9.785122','Asus TUF Gaming FA506NFR-HN006W R7-7435HS','Asus TUF Gaming FA506NFR-HN006W R7-7435HS','Normal','Normal','may-tinh-xach-tay/asus-tuf-gaming-fa506nfr-hn006w-r7-7435hs','19990000','{"code":"04","name":"Máy tính"}','{"code":"10","name":"Asus"}','{"code":"04001","name":"Laptop"}','{"code":"04001002","name":"Laptop AMD"}','','','/D:/Shopping-Recommendation-System/target/classes/com/project/shoppingrecommendationsystem/data/laptops/FPTShop/images/220525936415.jpg','19990000','16990000','15','2025-05-22T23:59:00.000+07:00','','0',''
'632617218002','9.795015','Asus Vivobook S 16 OLED S5606CA-RI114WS Ultra 5-225H','Asus Vivobook S 16 OLED S5606CA-RI114WS Ultra 5-225H','Normal','Normal','may-tinh-xach-tay/asus-vivobook-s-16-oled-s5606ca-ri114ws','28990000','{"code":"04","name":"Máy tính"}','{"code":"10","name":"Asus"}','{"code":"04001","name":"Laptop"}','','','','/D:/Shopping-Recommendation-System/target/classes/com/project/shoppingrecommendationsystem/data/laptops/FPTShop/images/632617218002.png','28990000','25990000','10','2025-05-22T23:59:00.000+07:00','','0',''
'661304126881','9.783704','Acer Swift Go SFG14-41-R19Z R5 7530U (NX.KG3SV.001)','Acer Swift Go SFG14-41-R19Z R5 7530U (NX.KG3SV.001)','Normal','Normal','may-tinh-xach-tay/acer-swift-go-sfg14-41-r19z-r5-7530u','18490000','{"code":"04","name":"Máy tính"}','{"code":"2","name":"Acer"}','{"code":"04001","name":"Laptop"}','{"code":"04001002","name":"Laptop AMD"}','','','/D:/Shopping-Recommendation-System/target/classes/com/project/shoppingrecommendationsystem/data/laptops/FPTShop/images/661304126881.jpg','18490000','15990000','14','2025-05-31T23:59:00.000+07:00','','0',''
'173896110981','9.785122','Lenovo Gaming LOQ 15IAX9 i5 12450HX (83GS001QVN)','Lenovo Gaming LOQ 15IAX9 i5 12450HX (83GS001QVN)','Normal','Normal','may-tinh-xach-tay/lenovo-gaming-loq-15iax9-i5-12450hx-83gs001qvn','26990000','{"code":"04","name":"Máy tính"}','{"code":"64","name":"Lenovo"}','{"code":"04001","name":"Laptop"}','{"code":"04001003","name":"Laptop Intel"}','','','/D:/Shopping-Recommendation-System/target/classes/com/project/shoppingrecommendationsystem/data/laptops/FPTShop/images/173896110981.png','26990000','23490000','13','2025-05-22T23:59:00.000+07:00','','0',''
'859111305979','9.774267','MacBook Air 13" 2020 M1 16GB/256GB','MacBook Air 13" 2020 M1 16GB/256GB','Normal','Normal','may-tinh-xach-tay/macbook-air-13-2020-m1-16gb-256gb','29990000','{"code":"04","name":"Máy tính"}','{"code":"9","name":"Apple"}','{"code":"04001","name":"Laptop"}','{"code":"04001001","name":"Macbook M"}','','','/D:/Shopping-Recommendation-System/target/classes/com/project/shoppingrecommendationsystem/data/laptops/FPTShop/images/859111305979.png','29990000','21990000','27','2025-05-24T23:59:00.000+07:00','','0',''
'050481527195','9.774267','MSI Modern 14 H D13MG-217VN i7-13700H','MSI Modern 14 H D13MG-217VN i7-13700H','Normal','Normal','may-tinh-xach-tay/msi-modern-14-h-d13mg-217vn-i7-13700h','21990000','{"code":"04","name":"Máy tính"}','{"code":"131","name":"MSI"}','{"code":"04001","name":"Laptop"}','','','','/D:/Shopping-Recommendation-System/target/classes/com/project/shoppingrecommendationsystem/data/laptops/FPTShop/images/050481527195.png','21990000','16990000','23','2025-05-22T23:59:00.000+07:00','','0',''
'174746436825','9.760393','Dell Vostro V3520 i5 1235U_i5U165W11GRU','Dell Vostro V3520 i5 1235U_i5U165W11GRU','Normal','Normal','may-tinh-xach-tay/dell-vostro-15-3520-i5-1235u-i5u165w11gru','17290000','{"code":"04","name":"Máy tính"}','{"code":"26","name":"Dell"}','{"code":"04001","name":"Laptop"}','{"code":"04001003","name":"Laptop Intel"}','','','/D:/Shopping-Recommendation-System/target/classes/com/project/shoppingrecommendationsystem/data/laptops/FPTShop/images/174746436825.png','17290000','16490000','5','2025-05-31T23:59:00.000+07:00','','0',''
'698130926378','9.743763','Acer Nitro 5 Tiger Gaming AN515-58-5193 i5 12450H','Acer Nitro 5 Tiger Gaming AN515-58-5193 i5 12450H','Normal','Normal','may-tinh-xach-tay/acer-nitro-5-tiger-gaming-an515-58-5193-i5-12450h','26990000','{"code":"04","name":"Máy tính"}','{"code":"2","name":"Acer"}','{"code":"04001","name":"Laptop"}','{"code":"04001003","name":"Laptop Intel"}','','','/D:/Shopping-Recommendation-System/target/classes/com/project/shoppingrecommendationsystem/data/laptops/FPTShop/images/698130926378.png','26990000','21490000','20','2025-05-22T23:59:00.000+07:00','','0',''
