'local_id','ads_base_image','additional_information','anh_chong_nuoc','anh_dieu_khien_camera','anh_intelligence','anh_sac_khong_day','anh_thu_phong_quang_hoc','bao_hanh_1_doi_1','basic','battery','best_discount_price','bluetooth','camera_primary','camera_secondary','camera_video','canonical_link','change_layout_preorder','chipset','chong_nuoc','cjm_imageswitcher','color','coupon_value','cpu','custom_layout_update','description','dieu_khien_camera','dimensions','discount_price','display_resolution','display_size','display_type','doc_quyen','dont_update_stock','fe_maximum_down_payment','fe_minimum_down_payment','fe_zero_install','fe_zero_install_month','final_sale_price','flash_sale_from','flash_sale_price','full_by_group','gia_vo_doi','gps','gpu','hc_maximum_down_payment','hc_minimum_down_payment','hc_product_name','hc_zero_install','hc_zero_install_month','hc_zero_install_promotion','hc_zero_sale_price','hub_cong_nghe','id','image','image_label','included_accessories','infrared_port','inteligent_text','ipad_am_thanh','ipad_apple_pencil','ipad_camera_truoc','ipad_magic_keyboard','ipad_wifi_6e','iphone_5g','iphone_5g_text','iphone_anh_cong_sac','iphone_anh_chat_lieu','iphone_bao_mat','iphone_bao_mat_text','iphone_camera','iphone_camera_text','iphone_chat_lieu','iphone_chedo_camera','iphone_chedo_camera_text','iphone_chip','iphone_chip_text','iphone_cong_sac','iphone_dynamic_island_image','iphone_dynamic_island_text','iphone_man_hinh','iphone_name','iphone_pin','iphone_pin_text','iphone_sos','iphone_sos_vacham','iphone_sos_vacham_text','is_imported','key_selling_points','last_send','loai_mang','loaisp','manufacturer','may_anh_loai_man_hinh','memory_card_slot','memory_internal','meta_image','meta_title','mobile_accessory_type','mobile_am_thanh','mobile_cam_bien','mobile_cam_bien_van_tay','mobile_camera_feature','mobile_chat_lieu_khung_vien','mobile_chat_lieu_mat_lung','mobile_chip_filter','mobile_cong_nghe_sac','mobile_cong_sac','mobile_display_features','mobile_hong_ngoai','mobile_ht_lam_mat','mobile_jack_tai_nghe','mobile_khang_nuoc_bui','mobile_kieu_man_hinh','mobile_loaimay_poco','mobile_nfc','mobile_nhu_cau_sd','mobile_os_filter','mobile_quay_video_truoc','mobile_ra_mat','mobile_ram_filter','mobile_storage_filter','mobile_tan_so_quet','mobile_tinh_nang_camera','mobile_tinh_nang_dac_biet','mobile_type_of_display','model_dienthoai_mtb','msrp','msrp_display_actual_price_type','msrp_enabled','nfc','operating_system','options_container','os_version','product_condition','product_feed_type','product_id','product_state','product_weight','promotion_information','promotion_percent','related_name','related_new_product_id','sac_khong_day','sac_khong_day_text','sale_ap_dung_den','sale_ap_dung_tu','sale_so_luong_toi_da','sensors','short_description','short_description_hidden_time','short_description_show_time','sim','sim_card','sim_special_group','small_image','small_image_label','smember_sms','sms_box','sms_content','speed_3g','speed_4g','speed_5g','special_from_date','special_price','special_to_date','sticker_bh_18_thang','storage','tag_sforum','tablet_hang_san_xuat','tablet_he_dieu_hanh','tablet_nhu_cau_su_dng','tablet_tien_ich','tablet_tinh_nang_dac_biet','tablet_tuong_thich','tax_vat','technical_detail','thu_cu_doi_moi','thu_phong_quang_hoc','thumbnail_label','tien_coc','tinh_trang_may_cu','title_price','tragop','u_dai_smember','uu_dai_tet','url_key','url_path','usb','use_smd_colorswatch','visibility','visibility_date','wlan','warranty_information','weight'
'84110','/d/i/dien-thoai-samsung-galaxy-s25_1__2.png','','no_selection','no_selection','no_selection','no_selection','no_selection','true','','4000 mAh','','Bluetooth v5.4','Camera siêu rộng 12MP<br> Camera góc rộng 50MP<br>Camera Tele 10MP','12MP','','','Liên hệ CSKH','Snapdragon 8 Elite dành cho Galaxy (3nm)','','','','','Tốc độ CPU 4.47GHz, 3.5GHz <br> 8 nhân','','','','Dài 146.9mm - Ngang 70.5mm - Dày 7.2mm','','2340 x 1080-pixel','6.2 inches','','','','','','','','','2019-01-01 00:00:00','0.0000','','','GPS, Glonass, Beidou, Galileo, QZSS','','','','','','','','','Thực hiện tác vụ liên ứng dụng bằng lời nói (Seamless Actions across Apps)','84110','/d/i/dien-thoai-samsung-galaxy-s25_1__2.png','OPPO A17K','','','','no_selection','no_selection','no_selection','no_selection','no_selection','no_selection','','no_selection','no_selection','no_selection','','no_selection','','','no_selection','','no_selection','','no_selection','no_selection','','','','no_selection','','','no_selection','','true','<ul><li>M&agrave;n h&igrave;nh Dynamic AMOLED 2X 6.2 inch 120Hz &ndash; Hiển thị sắc n&eacute;t, mượt m&agrave;, tiết kiệm pin.</li><li>Chip Snapdragon 8&nbsp;Elite&nbsp;&ndash; Hiệu năng mạnh mẽ, tối ưu AI, tiết kiệm năng lượng.</li><li>Camera 50MP + Zoom quang 3X &ndash; Cảm biến lớn, chụp đ&ecirc;m tốt, quay video 8K.</li><li>Thiết kế cao cấp, IP68 &ndash; Chống nước, chống bụi, bền bỉ v&agrave; sang trọng.</li></ul>','','5G','Chính hãng','Samsung','','Có','12 GB','/d/i/dien-thoai-samsung-galaxy-s25_1__2.png','Điện thoại Samsung Galaxy S25 256GB | Giá rẻ, trả góp 0%','-','Lọc âm thanh (Audio Eraser)','','Cảm biến vân tay trong màn hình','Chụp macro, Chụp góc rộng, Chụp Zoom xa, Quay video 8K, Camera AI, Chụp ảnh chuyển động, Chụp đêm','','','Snapdragon','Sạc nhanh 25W','USB Type-C','120Hz<br>2600 nits<br>Corning® Gorilla® Armor 2','','','','IP68','Đục lỗ (Nốt ruồi)','','Có','Dung lượng lớn, Cấu hình cao, Chơi game, Chụp ảnh đẹp, Livestream','','','02-2025','12GB trở lên','128GB và 256GB','120Hz','Quay Log Video<br>Chụp hình Super HDR<br>Chế độ quay phim 10-bit HDR<br>Chân dung<br>Tự động lấy nét<br>Quay Video đêm','Hỗ trợ 5G, Nhận diện khuôn mặt, Kháng nước, kháng bụi, Điện thoại AI','Dynamic AMOLED 2X','','','4','2','','Android','container2','Android 17','Mới','Normal','84110','Mới, đầy đủ phụ kiện từ nhà sản xuất','162g','','0.0000','S25 256GB','','','','','','','','','2020-12-31 00:00:00','2020-01-01 00:00:00','2 Nano-SIM + eSIM','','GỌI THẢ GA, DATA KHỦNG','/d/i/dien-thoai-samsung-galaxy-s25_1__2.png','OPPO A17K','SMS','','','','','','','','','','256 GB','samsung-galaxy-s25','','','','Biên tập Video thông minh (Auto trim)<br> Khoanh tròn để tìm kiếm (Circle to Search) <br>Trợ lý cuộc gọi (Call Assist) <br> Trợ lý chỉnh ảnh (Photo Assist)','','','true','','','','OPPO A17K','1000000.0000','','Giá chính thức','','','','dien-thoai-samsung-galaxy-s25','dien-thoai-samsung-galaxy-s25.html','','true','','2025-02-10 00:00:00','802.11a/b/g/n/ac/ax/be 2.4GHz+5GHz+6GHz, EHT320, MIMO, 4096-QAM','Bảo hành 12 tháng tại trung tâm bảo hành Chính hãng. 1 đổi 1 trong 30 ngày nếu có lỗi phần cứng từ nhà sản xuất.',''
'58612','/o/p/oppo-reno10-pro-plus-tim.png','','no_selection','no_selection','no_selection','no_selection','no_selection','true','','4700 mAh','8248.0000','v5.3','Camera góc rộng: 50 MP<br>Kính tiềm vọng: 64 MP, PDAF, 5x optical zoom<br>Camera góc siêu rộng: 8 MP, f/2.2','Camera góc rộng: 32 MP, f/2.4','4K@30/60fps, 1080p@30/60/120/240fps, gyro-EIS, OIS, HDR','','Liên hệ CSKH','Snapdragon 8 plus Gen 1 8 nhân','','','','8248.0000','1x3.0 GHz Cortex-X2 & 3x2.75 GHz Cortex-A710 & 4x2.0 GHz Cortex-A510','','','','162.9 x 74 x 8.3 mm','8248.0000','1240 x 2772 pixels','6.74 inches','','','','','','','','8248.0000','2019-01-01 00:00:00','8248.0000','','8248.0000','QZSS, GPS, GLONASS, GALILEO, BEIDOU','Adreno 730','','','','','','','','Mở khoá khuôn mặt<br>Tối ưu game (Không gian trò chơi)<br>Tích hợp NPU MariSilicon X<br> Thu nhỏ màn hình sử dụng một tay <br> Mở rộng bộ nhớ RAM','58612','/o/p/oppo-reno10-pro-plus-tim.png','OPPO Reno10 Pro Plus','Cáp Type C, Củ sạc nhanh rời đầu Type A, Hộp, Sách hướng dẫn, Ốp lưng, Cây lấy sim','','','no_selection','no_selection','no_selection','no_selection','no_selection','no_selection','','no_selection','no_selection','no_selection','','no_selection','','','no_selection','','no_selection','','no_selection','no_selection','','','','no_selection','','','no_selection','','true','<ul><li>Trải nghiệm h&igrave;nh ảnh sống động, rực rỡ v&agrave; sắc n&eacute;t với tấm nền AMOLED 6.74 inch c&ugrave;ng tần số qu&eacute;t 120Hz mượt m&agrave;.</li><li>Hiệu năng mạnh mẽ cho khả năng xử l&yacute; đa nhiệm mượt m&agrave;, chơi game cấu h&igrave;nh cao.</li><li>Chụp ảnh chuy&ecirc;n nghiệp, sắc n&eacute;t v&agrave; ấn tượng với camera sau AI 50MP (ch&iacute;nh)&nbsp;&amp; Phụ 64 MP, 8 MP</li><li>Sử dụng thoải m&aacute;i cả ng&agrave;y d&agrave;i với pin dung lượng cao 4700mAh, hỗ trợ sạc nhanh SuperVOOC 100W.</li></ul>','','5G','Chính hãng','OPPO','','Không','12 GB','/o/p/oppo-reno10-pro-plus-tim.png','OPPO Reno10 Pro Plus sạc nhanh 100W, bo cong sang xịn','Bàn','Loa kép<br>Âm thanh Dolby Atmos','Cảm biến gia tốc, Cảm biến tiệm cận, Cảm biến ánh sáng, La bàn, Con quay hồi chuyển, Cảm biến áp kế','Cảm biến vân tay trong màn hình','Chụp xóa phông, Chụp góc rộng, Quay video 4K, Chống rung, Chụp Zoom xa, Chụp đêm','Nhựa','Kính','Snapdragon','Sạc có dây 100W , Tiết kiệm pin, Sạc siêu nhanh SuperVOOC','USB Type-C','1 tỷ màu, tần số quét 120Hz, HDR10+, 1100 nits, Kính cường lực AGC DT-Star2','Có','','Không','IPX4','Đục lỗ (Nốt ruồi)','','Có','Chơi game, Chụp ảnh đẹp, Livestream','Android','1080p@30fps, gyro-EIS','09/2023','8GB - 12GB','128GB và 256GB','120Hz','Zoom quang học<br>Zoom kỹ thuật số<br>Xóa phông<br>Trôi nhanh thời gian (Time Lapse)<br>Toàn cảnh (Panorama)<br>Siêu độ phân giải<br>Quét tài liệu','Hỗ trợ 5G, Bảo mật vân tay, Nhận diện khuôn mặt, Kháng nước, kháng bụi','AMOLED','','8248.0000','4','2','','Android','container2','Android 13','Mới','Normal','58612','Mới, đầy đủ phụ kiện từ nhà sản xuất','194 g','','8248.0000','Reno10 Pro+ 5G<br>12GB 256GB','','','','','','','','<div class="cps-additional-note">
<p>Sale "She" m&ecirc; từ ng&agrave;y <span style="color: #ff0000;">4/3 - 9/3</span> : Giảm gi&aacute; cực sốc (số lượng c&oacute; hạn, &aacute;p dụng c&ugrave;ng ưu đ&atilde;i Smember).</p>
<p>Ng&agrave;y cuối hotsale chỉ &aacute;p dụng thanh to&aacute;n online 100% hoặc thanh to&aacute;n trực tiếp tại cửa h&agrave;ng.</p>
</div>','2025-03-08 00:00:00','2025-03-03 00:00:00','2 SIM (Nano-SIM)','','GỌI THẢ GA, DATA KHỦNG','/o/p/oppo-reno10-pro-plus-tim.png','OPPO Reno10 Pro Plus','SMS','','','','','','','8248.0000','','','256 GB','oppo-reno10-pro-plus','','','','Ứng dụng kép (Nhân bản ứng dụng)<br>Đa cửa sổ (chia đôi màn hình)','','','true','','','','OPPO Reno10 Pro Plus','8248.0000','','Giá chính thức','','','','oppo-reno10-pro-plus','oppo-reno10-pro-plus.html','','true','true','','Wi-Fi 6<br>Dual-band (2.4 GHz/5 GHz)','Bảo hành 12 tháng tại trung tâm bảo hành Chính hãng. 1 đổi 1 trong 30 ngày nếu có lỗi phần cứng từ nhà sản xuất.','8248.0000'
'74613','/d/i/dien-thoai-samsung-galaxy-s24-fe_3__4.png','','no_selection','no_selection','no_selection','no_selection','no_selection','true','','4700 mAh','24262.0000','v5.3','50MP + 12vMP + 8MP','10MP','UHD 8K (7680 x 4320)@30fps<br>240fps @FHD, 120fps @FHD, 120fps @UHD','','Liên hệ CSKH','Exynos 2400e (4nm)','','','','24262.0000','10 nhân 3.1GHz, 2.9GHz, 2.6GHz, 1.95GHz','','','','162.0 x 77.3 x 8.0 mm','24262.0000','1080 x 2400 pixels (FullHD+)','6.7 inches','','','','','','','','24262.0000','2019-01-01 00:00:00','24262.0000','','24262.0000','GPS, Glonass, Beidou, Galileo, NavIC, QZSS','','','','','','','','','','74613','/d/i/dien-thoai-samsung-galaxy-s24-fe_3__4.png','iPhone 15 Pro','Điện thoại thông minh<br> Cáp truyền dữ liệu<br> Que lấy sim','','','no_selection','no_selection','no_selection','no_selection','no_selection','no_selection','','no_selection','no_selection','no_selection','','no_selection','','','no_selection','','no_selection','','no_selection','no_selection','','','','no_selection','','','no_selection','','true','<ul><li>M&agrave;n h&igrave;nh Dynamic AMOLED 120Hz - Mang lại trải nghiệm h&igrave;nh ảnh si&ecirc;u mượt m&agrave;, m&agrave;u sắc sống động.</li><li>Chip Exynos 2400e (4nm) cung cấp hiệu năng vượt trội, xử l&yacute; mượt m&agrave; mọi t&aacute;c vụ từ chơi game đồ họa cao cho đến đa nhiệm ứng dụng.</li><li>Camera 50MP chuy&ecirc;n nghiệp với t&iacute;nh năng AI vượt trội gi&uacute;p bạn chụp ảnh chất lượng cao trong mọi điều kiện &aacute;nh s&aacute;ng. </li><li>Với vi&ecirc;n pin dung lượng 4700mAh v&agrave; c&ocirc;ng nghệ sạc nhanh 25W - Galaxy S24 FE đảm bảo sử dụng bền bỉ suốt ng&agrave;y d&agrave;i.</li></ul>','','5G','Chính hãng','Samsung','','','8 GB','/d/i/dien-thoai-samsung-galaxy-s24-fe_3__4.png','Samsung Galaxy S24 FE | Giá rẻ, tặng ốp chính hãng, góp 0%','-','Hỗ Trợ Âm Thanh Nổi','Cảm biến gia tốc, Cảm biến tiệm cận, Cảm biến ánh sáng, La bàn, Cảm biến áp kế, Cảm biến trọng lực','','Chụp xóa phông, Chụp góc rộng, Chống rung, Camera AI, Chụp ảnh chuyển động, Chụp đêm','Kim loại','Kính','Exynos','Sạc nhanh 25W','USB Type-C','120Hz','','','Không','IP68','Đục lỗ (Nốt ruồi)','','Có','Chơi game, Chụp ảnh đẹp, Livestream','Android','','10/2024','8G','128GB và 256GB','120Hz','Tự động lấy nét<br>Super HDR<br> Chuyển động chậm tức thì','Hỗ trợ 5G, Bảo mật vân tay, Nhận diện khuôn mặt, Kháng nước, kháng bụi, Điện thoại AI','Dynamic AMOLED','','24262.0000','4','2','','Android','container2','Android 14','Mới','Normal','74613','Mới, đầy đủ phụ kiện từ nhà sản xuất','213 g','','24262.0000','','','','','','','','','<div class="cps-additional-note">
<p>Hotsale từ ng&agrave;y <span style="color: #ff0000;">21/3 - 26/3</span>&nbsp;: Giảm gi&aacute; chỉ c&ograve;n<span style="color: #ff0000;">&nbsp;12,990,000<span data-sheets-value="{&quot;1&quot;:2,&quot;2&quot;:&quot;19,990,000&quot;}" data-sheets-userformat="{&quot;2&quot;:513,&quot;3&quot;:{&quot;1&quot;:0},&quot;12&quot;:0}"></span>đ&nbsp;</span>(số lượng c&oacute; hạn, &aacute;p dụng c&ugrave;ng ưu đ&atilde;i Smember, chỉ &aacute;p dụng m&agrave;u xanh dương).</p>
<p><span>Ng&agrave;y cuối hotsale</span><span>&nbsp;chỉ &aacute;p dụng thanh to&aacute;n online 100% hoặc thanh to&aacute;n trực tiếp tại cửa h&agrave;ng.</span></p>
</div>','2025-03-27 00:00:00','2025-03-20 00:00:00','SIM 1 + SIM 2 / SIM 1 + eSIM / 2 eSIM','','GỌI THẢ GA, DATA KHỦNG','/d/i/dien-thoai-samsung-galaxy-s24-fe_3__4.png','iPhone 15 Pro','SMS','','','','','','','24262.0000','','','128 GB','dien-thoai-samsung-galaxy-s24-fe','','','','','','','true','','','','iPhone 15 Pro','24262.0000','','Giá chính thức','','','','dien-thoai-samsung-galaxy-s24-fe','dien-thoai-samsung-galaxy-s24-fe.html','','true','','2023-10-30 00:00:00','802.11a/b/g/n/ac/ax 2.4GHz+5GHz+6GHz, HE160, MIMO, 1024-QAM','Bảo hành 12 tháng tại trung tâm bảo hành Chính hãng. 1 đổi 1 trong 30 ngày nếu có lỗi phần cứng từ nhà sản xuất.','24262.0000'
'98769','/d/i/dien-thoai-oppo-find-n5_h_nh_2.png','','no_selection','no_selection','no_selection','no_selection','no_selection','true','','5600mAh','','5.4 BLE','50MP, ƒ/1.8 OIS (Chính) + 8MP, ƒ/2.2 (Góc rộng) + 50MP, ƒ/2.7 (Tele)','Màn hình chính: 8MP, ƒ/2.4<br>Màn hình ngoài: 8MP, ƒ/2.4','4K@60fps/30fps, 1080P@60fps/30fps, 720P@30fps','','Liên hệ CSKH','Qualcomm Snapdragon® 8 Elite','','','','','Qualcomm® Oryon™ CPU@4.32GHz','','','','Khi mở: 160.87 x 146.58 x 4.21 mm<br>Khi gập: 160.87 x 74.42 x 8.93 mm','','2.480 x 2.248 pixels','8.12 inches','','','','','0.1','','','','2019-01-01 00:00:00','0.0000','','','GPS','Adreno 830','0.7','0.3','','','','','','','98769','/d/i/dien-thoai-oppo-find-n5_h_nh_2.png','OPPO FIND N5','Oppo Find N5, Cáp Type-C, Củ sạc, Que lấy sim, Miếng dán màn hình (Đã dán sẵn), Vỏ bảo vệ, Sách hướng dẫn sử dụng','','','no_selection','no_selection','no_selection','no_selection','no_selection','no_selection','','no_selection','no_selection','no_selection','','no_selection','','','no_selection','','no_selection','','no_selection','no_selection','','','','no_selection','','','no_selection','','true','<ul><li>Chip Snapdragon 8 Elite, RAM 16GB, bộ nhớ trong 512GB, xử l&yacute; mượt m&agrave; mọi t&aacute;c vụ</li><li>M&agrave;n h&igrave;nh AMOLED 8.12" (trong) &amp; 6.62" (ngo&agrave;i), tần số qu&eacute;t 120Hz, hiển thị sắc n&eacute;t</li><li>Camera ch&iacute;nh &amp; tele 50MP, g&oacute;c rộng 8MP, chụp ảnh sắc n&eacute;t, zoom quang học ấn tượng</li><li>Dung lượng 5,600mAh, sạc nhanh 80W, sử dụng cả ng&agrave;y d&agrave;i</li></ul>','','5G','Chính hãng','OPPO','','','16 GB','/d/i/dien-thoai-oppo-find-n5_h_nh_2.png','OPPO Find N5 gập mỏng nhất, thu cũ trợ giá >4 triệu, giao 2h','-','2 loa, 4 mic','Cảm biến gia tốc, Cảm biến tiệm cận, Cảm biến ánh sáng, La bàn','Cảm biến vân tay cạnh bên','Quay video 4K, Chụp Zoom xa, Camera AI','Hợp kim','','Snapdragon','Siêu sạc nhanh superVOOC 80W','USB Type-C','Tần số: 120Hz<br>Màn hình chính: Kính Pet+UTG, 1400nit<br>Màn hình ngoài: 6.62 inch, 1140 x 2616 (FHD+), kính siêu mỏng Nanocrytal, 1600nit<br>1 tỷ màu sắc','','','','IPX6, IPX8, IPX9','Màn hình gập','','Có','Pin trâu','Android','4K@30fps, 1080P@30fps (default, beauty enabled), 720P@30fps','','12GB trở lên','Trên 512GB','120Hz','Chụp góc rộng, chụp có đèn flash camera sau','Hỗ trợ 5G, Kháng nước, kháng bụi','AMOLED','','','4','2','','ColorOS','container2','ColorOS 15, nền tảng Android 15','Mới','Normal','98769','Mới, đầy đủ phụ kiện từ nhà sản xuất','Khoảng 229g','','','','','','','','','','','','2020-12-31 00:00:00','2020-01-01 00:00:00','Dual nano-SIM hoặc 1 nano-SIM + 1 eSIM','','GỌI THẢ GA, DATA KHỦNG','/d/i/dien-thoai-oppo-find-n5_h_nh_2.png','OPPO FIND N5','SMS','','','','','','','','','','512 GB','oppo-find-n5','','','','','','','true','','','','OPPO FIND N5','500000.0000','','Giá dự kiến','','','','dien-thoai-oppo-find-n5','dien-thoai-oppo-find-n5.html','','true','','2025-05-31 00:00:00','Wifi 6, 802.11 a/b/g/n/ac/ac wave 2/ax, Wifi 2.4G/5G','Bảo hành 12 tháng tại trung tâm bảo hành Chính hãng. 1 đổi 1 trong 30 ngày nếu có lỗi phần cứng từ nhà sản xuất.',''
'76439','/x/i/xiaomi_14t_2_.png','','no_selection','no_selection','no_selection','no_selection','no_selection','true','','5000 mAh','41470.0000','v5.4','Camera chính: 50MP, 23mm, ƒ/1 7 Cảm biến hình ảnh IMX906 của Sony 2 0 m Super Pixel <br>Máy ảnh tele: 50MP, 50mm, ƒ/1 9<br>Máy ảnh góc siêu rộng: 12MP, 15mm, ƒ/2 2','32MPƒ/2,0<br>FOV 80,8˚<br>Chế độ ban đêm<br>HDR<br>Tính năng chụp ảnh bằng lòng bàn tay','','','Liên hệ CSKH','MediaTek Dimensity 8300-Ultra','','','','41470.0000','1x Cortex-A715, Lên đến 3,35GHz; 3x Cortex-A715, Lên đến 3,2GHz; 4x Cortex-A510 lên đến 2,2GHz','','','','160,5mm x 75,1mm x 7,80mm (Kính)<br> 160,5mm x 75,1mm x 7,95mm (PU)','41470.0000','1220 x 2712 pixels','6.67 inches','','','','','','','','41470.0000','2019-01-01 00:00:00','41470.0000','','41470.0000','','Arm Mali-G615 MC6','','','','','','','','Google Gemini<br>Phiên dịch AI<br>Ghi chú AI','76439','/x/i/xiaomi_14t_2_.png','INOI Note 13s 8GB 256GB','Xiaomi 14T, Hộp, Sách hướng dẫn, Cây lấy sim, Ốp lưng, Cáp Type C','','','no_selection','no_selection','no_selection','no_selection','no_selection','no_selection','','no_selection','no_selection','no_selection','','no_selection','','','no_selection','','no_selection','','no_selection','no_selection','','','','no_selection','','','no_selection','','true','<ul><li>Hiệu năng mạnh mẽ với chip&nbsp;MediaTek Dimensity 8300-Ultra -&nbsp;Mang lại hiệu năng tốt cho c&aacute;c t&aacute;c vụ h&agrave;ng ng&agrave;y, từ lướt web, xem video đến chơi game với độ ổn định cao.</li><li>Thấu k&iacute;nh quang học Leica Summilux - Ghi lại những bức ảnh chi tiết, sắc n&eacute;t ph&ugrave; hợp với nhu cầu nhiếp ảnh di động v&agrave; quay phim chất lượng cao.</li><li>M&agrave;n h&igrave;nh 144Hz AMOLED cho m&agrave;u sắc sống động, độ s&aacute;ng cao v&agrave; khả năng t&aacute;i hiện h&igrave;nh ảnh ch&acirc;n thực, mang lại trải nghiệm xem phim, chơi game tuyệt vời.</li><li>Xiaomi 14T trang bị pin lớn 5.000mAh, kết hợp với c&ocirc;ng nghệ sạc nhanh 67W - Sạc đầy nhanh ch&oacute;ng v&agrave; duy tr&igrave; thời gian sử dụng suốt cả ng&agrave;y.</li></ul>','','5G','Chính hãng','Xiaomi','','','12 GB','/x/i/xiaomi_14t_2_.png','Xiaomi 14T 5G | chính hãng, lỗi 1 đổi 1, thu cũ giá cao','-','Chứng nhận âm thanh Hi-Res & Hi-Res không dây<br>Dolby Atmos<br>Loa âm thanh nổi','','','Chụp xóa phông, Chụp góc rộng, Quay video 4K, Chống rung, Camera AI, Chụp đêm','','','Mediatek Dimensity','HyperCharge 67W','','144Hz, 1,5K CrystalRes AMOLED, 446 ppi, 4000 nits, Độ sâu màu 12 bit, Làm mờ PWM lên đến 3840<br>HDR10+, Dolby Vision','','','','','Đục lỗ (Nốt ruồi)','','Có','Dung lượng lớn, Chơi game, Pin trâu, Chụp ảnh đẹp, Livestream','Android','','','8GB - 12GB','Trên 512GB','Từ 144Hz trở lên','Hình ảnh Leica đích thực<br>UltraHDR<br> Master Portrait<br>Chế độ quay phim <br>MasterCinema<br> Chế độ đạo diễn','Hỗ trợ 5G, Bảo mật vân tay, Nhận diện khuôn mặt','AMOLED','','41470.0000','4','2','','','container2','','Mới','Normal','76439','Mới, đầy đủ phụ kiện từ nhà sản xuất','195g','','','Xiaomi 14T','','','','','','','','<div class="cps-additional-note">
<p>Đăng k&yacute; nhận tin sản phẩm từ <strong><span style="color: #ff0000;">13.09 - 20.09</span></strong><br />Đặt trước từ <strong><span style="color: #ff0000;">21.09</span></strong></p>
</div>','2023-09-21 00:00:00','2024-09-12 00:00:00','Sim kép (nano-Sim và e-Sim) - Hỗ trợ 2 e-Sim','','GỌI THẢ GA, DATA KHỦNG','/x/i/xiaomi_14t_2_.png','INOI Note 13s 8GB 256GB','SMS','','','','','','','41470.0000','','','512 GB','xiaomi-14t','','','','','','','true','','','','INOI Note 13s 8GB 256GB','41470.0000','','Giá chính thức','','','','xiaomi-14t','xiaomi-14t.html','','true','','2024-10-31 00:00:00','Wi-Fi 6E','Bảo hành 24 tháng tại trung tâm bảo hành Chính hãng. 1 đổi 1 trong 30 ngày nếu có lỗi phần cứng từ nhà sản xuất.','41470.0000'
'102428','/d/i/dien-thoai-xiaomi-redmi-note-14-5g.1.png','','no_selection','no_selection','no_selection','no_selection','no_selection','true','','5110mAh','','5.3','108MP, ƒ/1.7<br>8MP góc siêu rộng, ƒ/2.2<br>2MP Macro, ƒ/2.4','20MP, ƒ/2.2','','','Liên hệ CSKH','MediaTek Dimensity 7025 - Ultra','','','','','Octa-core processor, up to 2.5GHz<br>Tiền trình 6nm','','','','162.4 x 75.7 x 7.99mm','','1080 x 2400 pixels (FullHD+)','6.67 inches','','','','','0.1','','','','2019-01-01 00:00:00','0.0000','','','','IMG BXM-8-256','0.7','0.3','','','','','','Google Gemini, Xoá AI, AI Sky, làm đẹp AI','102428','/d/i/dien-thoai-xiaomi-redmi-note-14-5g.1.png','Xiaomi Redmi Note 14 5G 8GB 256GB','Xiaomi Redmi Note 14 5G, Củ sạc, Cáp, Ốp, Dụng cụ lấy SIM, Hướng dẫn sử dụng nhanh','','','no_selection','no_selection','no_selection','no_selection','no_selection','no_selection','','no_selection','no_selection','no_selection','','no_selection','','','no_selection','','no_selection','','no_selection','no_selection','','','','no_selection','','','no_selection','','true','<ul><li>Thiết kế Xiaomi Redmi Note 14 5G mỏng với khả năng kh&aacute;ng bụi v&agrave; nước IP642 c&ugrave;ng k&iacute;nh Gorilla Glass 5, sử dụng bền bỉ hơn</li><li>Hiệu suất mạnh mẽ với vi xử l&yacute; MediaTek Dimensity 7025-Ultra v&agrave; pin 5110mAh đảm bảo hiệu suất mượt m&agrave; suốt cả ng&agrave;y</li><li>M&agrave;n h&igrave;nh 120Hz s&aacute;ng r&otilde;, độ s&aacute;ng tối đa 2100 nits, mang lại trải nghiệm xem sắc n&eacute;t ngay cả dưới &aacute;nh nắng</li><li>Redmi Note 14 5G với camera AI 108MP ấn tượng hệ thống camera với OIS v&agrave; t&iacute;nh năng chụp ban đ&ecirc;m, n&acirc;ng tầm nhiếp ảnh v&agrave; video</li><li>Tiện lợi v&agrave; an to&agrave;n, mở kh&oacute;a nhanh với cảm biến v&acirc;n tay trong m&agrave;n h&igrave;nh</li></ul>','','5G','Chính hãng','Xiaomi','','','8 GB','/d/i/dien-thoai-xiaomi-redmi-note-14-5g.1.png','Xiaomi Redmi Note 14 5G 8GB/256GB | Giá cực tốt %%currentmonth%%','-','Loa kép<br>Dolby Atmos','','Cảm biến vân tay trong màn hình','','','','','Sạc nhanh turbo 45W<br>Sạc 45W trong hộp','','Tần số quét 120Hz<br>Độ sáng 2100 nits<br>Độ sâu màu 8 bit<br>Độ tương phản 5.000.000:1<br>Giải màu rộng DCI-P3<br>960Hz PWM dimming<br>Corning Gorilla Glass 5','','','Có','IP64','','','Có','','','','','','','','OIS, chụp macro, chụp góc rộng, chế độ ban đêm, zoom cảm biến 3x','','AMOLED','','','4','2','','','container2','Xiaomi HyperOS','Mới','Normal','102428','Mới, đầy đủ phụ kiện từ nhà sản xuất','190g','','','Note 14 5G <br> 8GB 256GB','','','','','','','','','2020-12-31 00:00:00','2020-01-01 00:00:00','2 SIM (Nano-SIM)','','GỌI THẢ GA, DATA KHỦNG','/d/i/dien-thoai-xiaomi-redmi-note-14-5g.1.png','Xiaomi Redmi Note 14 5G 8GB 256GB','SMS','','','','','','','','','','256 GB','xiaomi-redmi-note-14-5g','','','','Mở khóa khuôn mặt','','','true','','','','Xiaomi Redmi Note 14 5G 8GB 256GB','500000.0000','','Giá chính thức','','','','dien-thoai-xiaomi-redmi-note-14-5g','dien-thoai-xiaomi-redmi-note-14-5g.html','','true','','','','Bảo hành 18 tháng tại trung tâm bảo hành Chính hãng. 1 đổi 1 trong 30 ngày nếu có lỗi phần cứng từ nhà sản xuất.',''
'76443','/x/i/xiaomi_14t_pro_1_.png','','no_selection','no_selection','no_selection','no_selection','no_selection','true','','5000 mAh','29121.0000','v5.4','Máy ảnh chính: 50MP, 23mm, ƒ/1 6 <br> Máy ảnh góc siêu rộng: 12MP, 15mm, ƒ/2 2 <br>Máy ảnh tele: 50MP, 60mm, ƒ/2 0','32MPƒ/2,0 <br>Độ dài tiêu cự tương đương 25 mm <br> FOV 80,8˚<br>Chế độ ban đêm<br>HDR<br>Tính năng chụp ảnh bằng lòng bàn tay','','','Liên hệ CSKH','MediaTek Dimensity 9300+','','','','29121.0000','1 x Cortex-X4, tối đa 3,4GHz; 3 x Cortex-X4, lên đến 2,85GHz; 4 x Cortex-A720, lên đến 2.0GHz','','','','160,4 x 75,1 x 8,39 mm','29121.0000','1220 x 2712 pixels','6.67 inches','','','','','','','','29121.0000','2019-01-01 00:00:00','29121.0000','','29121.0000','','Immortalis-G720 MC12','','','','','','','','','76443','/x/i/xiaomi_14t_pro_1_.png','INOI Note 13s 8GB 256GB','Xiaomi 14T Pro 5G, Sách hướng dẫn, Cây lấy sim, Ốp lưng, Cáp Type C','','','no_selection','no_selection','no_selection','no_selection','no_selection','no_selection','','no_selection','no_selection','no_selection','','no_selection','','','no_selection','','no_selection','','no_selection','no_selection','','','','no_selection','','','no_selection','','true','<ul><li>Hiệu năng Xiaomi 14T Pro 5G mạnh mẽ với chip MediaTek Dimensity 9300+ - Hiệu suất tối ưu cho c&aacute;c t&aacute;c vụ nặng như chơi game, xử l&yacute; đồ họa v&agrave; đa nhiệm mượt m&agrave;.</li><li>M&agrave;n h&igrave;nh AMOLED 6.67 inch 144Hz si&ecirc;u mượt - Trải nghiệm h&igrave;nh ảnh sắc n&eacute;t, mọi thao t&aacute;c trở n&ecirc;n mượt m&agrave; hơn, từ lướt web đến chơi game.</li><li>Pin 5.000mAh v&agrave; sạc nhanh 120W - Điện thoại Xiaomi 14T Pro 5G gi&uacute;p bạn sạc đầy chỉ trong v&ograve;ng chưa đến 20 ph&uacute;t, đảm bảo thời lượng sử dụng l&acirc;u d&agrave;i suốt cả ng&agrave;y.</li><li>Hỗ trợ 5G v&agrave; Wi-Fi 7 - Tốc độ kết nối si&ecirc;u nhanh, gi&uacute;p bạn trải nghiệm mượt m&agrave; từ xem video trực tuyến đến chơi game m&agrave; kh&ocirc;ng lo bị gi&aacute;n đoạn.</li></ul>','','5G','Chính hãng','Xiaomi','','','12 GB','/x/i/xiaomi_14t_pro_1_.png','Xiaomi 14t pro 5G 12gb/512gb | Giá rẻ, trợ giá đến 1Tr','-','Chứng nhận âm thanh Hi-Res & Hi-Res không dây<br>Loa âm thanh nổi<br>Dolby Atmos','','','Chụp xóa phông, Chụp góc rộng, Quay video 4K, Chống rung, Quay video 8K, Camera AI, Chụp đêm','Hợp kim','','','HyperCharge 120W<br> HyperCharge không dây 50W','','144Hz, 446 ppi, 4000 nits<br>Độ sâu màu 12 bit<br>Làm mờ PWM lên đến 3840<br>HDR10+, Dolby Vision®<br>Mặt sau cong 3D','','','','IP686','Đục lỗ (Nốt ruồi)','','Có','Dung lượng lớn, Chơi game, Pin trâu, Chụp ảnh đẹp, Livestream','Android','','','8GB - 12GB','Trên 512GB','Từ 144Hz trở lên','Chế độ quay phim <br>MasterCinema <br>Chế độ đạo diễn<br>Hình ảnh Leica đích thực<br>Thấu kính quang học Leica Summilux','Hỗ trợ 5G, Bảo mật vân tay, Nhận diện khuôn mặt, Kháng nước, kháng bụi, Điện thoại AI','AMOLED','','29121.0000','4','2','','','container2','','Mới','Normal','76443','Mới, đầy đủ phụ kiện từ nhà sản xuất','209g','','','Xiaomi 14T Pro','','','','','','','','<div class="cps-additional-note">
<p>Sale "She" m&ecirc; từ ng&agrave;y <span style="color: #ff0000;">4/3 - 9/3</span> : Giảm gi&aacute; cực sốc (số lượng c&oacute; hạn, &aacute;p dụng c&ugrave;ng ưu đ&atilde;i Smember).</p>
<p>Ng&agrave;y cuối hotsale chỉ &aacute;p dụng thanh to&aacute;n online 100% hoặc thanh to&aacute;n trực tiếp tại cửa h&agrave;ng.</p>
</div>','2025-03-08 00:00:00','2025-03-03 00:00:00','Sim kép (nano-Sim và e-Sim) - Hỗ trợ 2 e-Sim','','GỌI THẢ GA, DATA KHỦNG','/x/i/xiaomi_14t_pro_1_.png','INOI Note 13s 8GB 256GB','SMS','','','','','','','29121.0000','','','512 GB','xiaomi-14t-pro','','','','','','','true','','','','INOI Note 13s 8GB 256GB','29121.0000','','Giá chính thức','','','','xiaomi-14t-pro','xiaomi-14t-pro.html','','true','','2024-10-31 00:00:00','Wi-Fi 7','Bảo hành 24 tháng tại trung tâm bảo hành Chính hãng. 1 đổi 1 trong 30 ngày nếu có lỗi phần cứng từ nhà sản xuất.','29121.0000'
'93788','/d/i/dien-thoai-nothing-phone-2a-plus_1_.png','','no_selection','no_selection','no_selection','no_selection','no_selection','true','','5000 mAh','','v5.3','Camera chính: 50 MP, f/1.88, 1/1.57"<br>Camera góc siêu rộng: 50 MP, f/2.2, 1/2.76"','50 MP, f/2.2, 1/2.76"','4K@30fps <br>1080p@60/120fps','','Liên hệ CSKH','MediaTek Dimensity 7350 Pro 5G','','','','','Up to 3.0 GHz','','','','161.7 x 76.3 x 8.5 mm','','1080 x 2412 pixels','6.7 inches','','','','','','','','','2019-01-01 00:00:00','0.0000','','','GPS (L1), GLONASS (G1), BDS (B1I), GALILEO (E1), QZSS (L1)','ARM Mali G610 MC4','','','','','','','','','93788','/d/i/dien-thoai-nothing-phone-2a-plus_1_.png','iPhone 15 Pro','Pin, Sạc; Que cắm SIM','','','no_selection','no_selection','no_selection','no_selection','no_selection','no_selection','','no_selection','no_selection','no_selection','','no_selection','','','no_selection','','no_selection','','no_selection','no_selection','','','','no_selection','','','no_selection','','true','<ul><li>M&agrave;n h&igrave;nh lớn, sắc n&eacute;t, hỗ trợ tần số qu&eacute;t 120Hz mang lại trải nghiệm mượt m&agrave; cho cả việc xem nội dung v&agrave; chơi game.</li><li>Chip&nbsp;MediaTek Dimensity 7350 Pro 5G,&nbsp;Nothing Phone 2 mang đến hiệu suất cao, hỗ trợ tốt c&aacute;c t&aacute;c vụ đa nhiệm v&agrave; chơi game nặng.</li><li>Hệ thống camera k&eacute;p với cảm biến ch&iacute;nh 50MP v&agrave; một cảm biến si&ecirc;u rộng 50MP đem lại những ảnh chụp v&agrave; video si&ecirc;u&nbsp;chất lượng.</li><li>Pin dung lượng cao&nbsp;5000 mAh, hỗ trợ sạc nhanh 50W gi&uacute;p người d&ugrave;ng y&ecirc;n t&acirc;m sử dụng cả ng&agrave;y m&agrave; kh&ocirc;ng lo gi&aacute;n đoạn.</li></ul>','','5G','Chính hãng','Hãng khác','','','12 GB','/d/i/dien-thoai-nothing-phone-2a-plus_1_.png','Điện thoại Nothing Phone 2A Plus giảm giá, thêm quà >1tr','-','','','','Chụp góc rộng, Quay video 4K, Camera AI, Chụp đêm','','','','Sạc nhanh 50W','USB Type-C','1300 nits<br>120 Hz, 1,07 tỷ màu','','','','IP54','Đục lỗ (Nốt ruồi)','','Có','Chơi game, Pin trâu, Livestream','Android','','','8GB - 12GB','128GB và 256GB','120Hz','','Hỗ trợ 5G, Kháng nước, kháng bụi','Flexible AMOLED On-cell','','','4','2','','','container2','Android 14','Mới','Normal','93788','Mới, đầy đủ phụ kiện từ nhà sản xuất','190 g','','0.0000','Phone 2A Plus <br> 12GB 256GB','','','','','','','','<div class="cps-additional-note">
<p>Sale "She" m&ecirc; từ ng&agrave;y <span style="color: #ff0000;">4/3 - 9/3</span> : Giảm gi&aacute; cực sốc (số lượng c&oacute; hạn, &aacute;p dụng c&ugrave;ng ưu đ&atilde;i Smember).</p>
<p>Ng&agrave;y cuối hotsale chỉ &aacute;p dụng thanh to&aacute;n online 100% hoặc thanh to&aacute;n trực tiếp tại cửa h&agrave;ng.</p>
</div>','2025-03-08 00:00:00','2025-03-03 00:00:00','2 SIM (Nano-SIM)','','GỌI THẢ GA, DATA KHỦNG','/d/i/dien-thoai-nothing-phone-2a-plus_1_.png','iPhone 15 Pro','SMS','','','','','','','','','','256 GB','nothing-phone-2a-plus','','','','','','','true','','','','iPhone 15 Pro','500000.0000','','Giá chính thức','','','','dien-thoai-nothing-phone-2a-plus','dien-thoai-nothing-phone-2a-plus.html','','true','','2023-10-30 00:00:00','802.11 a/b/g/n/ac or ax (Wi-Fi 6)<br>2.4 GHz / 5 GHz','Bảo hành 12 tháng tại trung tâm bảo hành Chính hãng. 1 đổi 1 trong 3 tháng nếu có lỗi phần cứng từ nhà sản xuất.',''
'85242','/d/i/dien-thoai-xiaomi-redmi-note-14_2__2.png','','no_selection','no_selection','no_selection','no_selection','no_selection','true','','5500mAh','','5.3','Hệ thống camera AI 108MP <br> Camera đo chiều sâu 2MP - f/2.4<br> Camera cận cảnh 2MP - f/2.4','Camera trước 20MP - f/2.2','HD 720p@30fps <br> FullHD 1080p@60fps<br> FullHD 1080p@30fps','','Liên hệ CSKH','MediaTek Helio G99-Ultra','','','','','8 nhân, lên đến 2.2GHz','','','','163.25mm x 76.55mm x 8.16mm','','1080 x 2400 pixels (FullHD+)','6.67 inches','','','','','','','','','2019-01-01 00:00:00','0.0000','','','QZSS, GPS, GLONASS, GALILEO, BEIDOU','Mali-G57 MC2','','','','','','','','','85242','/d/i/dien-thoai-xiaomi-redmi-note-14_2__2.png','Masstel Fami 60','Redmi Note 14, Cáp USB Type C, Củ sạc 33W, Dụng cụ lấy SIM, Sách hướng dẫn,...','','','no_selection','no_selection','no_selection','no_selection','no_selection','no_selection','','no_selection','no_selection','no_selection','','no_selection','','','no_selection','','no_selection','','no_selection','no_selection','','','','no_selection','','','no_selection','','true','<ul><li>Redmi Note 14 sở hữu camera AI 108MP kết hợp với zoom trong cảm biến 3x, cho ra những bức ảnh sắc n&eacute;t, chi tiết d&ugrave; chụp chủ thể ở xa hay cận cảnh phức tạp.</li><li>Sản phẩm được trang bị bộ xử l&yacute; MediaTek Helio G99-Ultra 6nm, mang đến hiệu suất mượt m&agrave;, phản hồi nhanh, d&ugrave; l&agrave; đa nhiệm, chơi game hay ph&aacute;t trực tuyến.</li><li>M&agrave;n h&igrave;nh Xiaomi Redmi Note 14 6,67 inch, tốc độ l&agrave;m mới l&ecirc;n đến 120Hz đảm bảo d&ugrave; ở trong nh&agrave; hay ngo&agrave;i trời mang đến trải nghiệm xem th&uacute; vị, đắm ch&igrave;m.</li><li>Thiết kế với c&aacute;c cạnh bo tr&ograve;n, tiện dụng gi&uacute;p bạn dễ d&agrave;ng cầm nắm, d&ugrave; đang di chuyển trong ng&agrave;y l&agrave;m việc bận rộn hay thư gi&atilde;n v&agrave;o buổi tối.</li></ul>','','4G','Chính hãng','Xiaomi','','','6 GB','/d/i/dien-thoai-xiaomi-redmi-note-14_2__2.png','Redmi note 14 giá bao nhiêu? Khi nào ra mắt Việt Nam','-','Loa kép <br> Dolby Atmos®','','Cảm biến vân tay dưới màn hình','Chống rung, Camera AI','Nhựa','Nhựa','Mediatek Helio','Sạc turbo 33W','USB Type-C','Tốc độ làm mới: Lên đến 120Hz<br> Độ sáng: 1800 nits đỉnh <br>Tỷ lệ tương phản: 5.000.000:1','','','Có','IP54','Đục lỗ (Nốt ruồi)','','Có','Chơi game, Pin trâu, Livestream','Android','','','4GB - 6GB','128GB và 256GB','120Hz','Google Gemini, Xóa vật thể AI, AI Sky, AI Beautify','Bảo mật vân tay, Nhận diện khuôn mặt, Kháng nước, kháng bụi, Điện thoại AI','AMOLED','','','4','2','','Android','container2','Android 14','Mới','Normal','85242','Mới, đầy đủ phụ kiện từ nhà sản xuất','196.5g','','0.0000','Note 14 <br> 6GB 128GB','','','','','','','','','2020-12-31 00:00:00','2020-01-01 00:00:00','2 Nano-SIM','','GỌI THẢ GA, DATA KHỦNG','/d/i/dien-thoai-xiaomi-redmi-note-14_2__2.png','Masstel Fami 60','SMS','','','','','','','','','','128 GB','xiaomi-redmi-note-14-series','','','','','','','true','','','','Masstel Fami 60','500000.0000','','Giá chính thức','','','','dien-thoai-xiaomi-redmi-note-14','dien-thoai-xiaomi-redmi-note-14.html','','true','true','2025-02-28 00:00:00','Wi-Fi hotspot, Wi-Fi Direct, Wi-Fi 802.11 a/b/g/n/ac','Bảo hành 18 tháng tại trung tâm bảo hành Chính hãng. 1 đổi 1 trong 30 ngày nếu có lỗi phần cứng từ nhà sản xuất.',''
'59257','/i/p/iphone-16-pro_1.png','','/f/r/frame_165_2.png','/f/r/frame_162_1_2.png','/f/r/frame_160_1_2.png','/f/r/frame_161_1_2.png','/i/m/image_1281_2.png','true','','','51385.0000','Bluetooth 5.3','Camera chính: 48MP, f/1.78, 24mm, chống rung quang học dịch chuyển cảm biến thế hệ thứ hai, Focus Pixels 100%, hỗ trợ ảnh có độ phân giải siêu cao<br>Hỗ trợ Telephoto 2x 12MP: 52 mm, ƒ/1.6<br> Camera góc siêu rộng: 48MP, 13 mm, ƒ/2.2 và trường ảnh 120°, H','12MP, ƒ/1.9, Tự động lấy nét theo pha Focus Pixels','Quay video 4K Dolby Vision ở tốc độ 24 fps <br>Quay video 1080p Dolby Vision <br>Quay video 720p Dolby Vision <br>','','Liên hệ CSKH','Apple A18 Pro','Khả năng chống nước ở độ sâu 6 mét trong vòng tối đa 30 phút','','','51385.0000','CPU 6 lõi mới với 2 lõi hiệu năng và 4 lõi tiết kiệm điện','','','Điều Khiển Camera<br>Cách quay phim và chụp ảnh dễ dàng hơn<br>Truy cập các công cụ chụp ảnh và quay video nhanh hơn','Rộng: 71,5 mm Cao: 149,6 mm Dày: 8,25 mm','51385.0000','2622 x 1206 pixels','6.3 inches','','','','','','','','51385.0000','2019-01-01 00:00:00','51385.0000','','51385.0000','GPS, GLONASS, Galileo, QZSS và BeiDou','GPU 6 lõi mới','','','','','','','','Face ID, FaceTime','59257','/i/p/iphone-16-pro_1.png','Lenovo Tab Extreme','iPhone sử dụng iOS 18, Cáp Sạc USB‑C (1m), Tài liệu','','Được thiết kế cho Apple Intelligence','no_selection','no_selection','no_selection','no_selection','no_selection','/i/m/image_1086_2.png','Mạng di động 5G siêu nhanh','/i/m/image_1089_5.png','/f/r/frame_157_1_2.png','/i/m/image_1087_2.png','Face ID','/f/r/frame_163.png','Hệ thống camera chuyên nghiệp Fusion 48MP | Ultra Wide 48MP | Telephoto<br>Ảnh có độ phân giải siêu cao (24MP và 48MP)<br>Chụp ảnh macro 48MP<br>Ảnh chân dung thế hệ mới với tính năng Lấy Nét và Điều Khiển Chiều Sâu','Titan với mặt sau bằng kính nhám <br>Nút Tác Vụ','no_selection','','/f/r/frame_158_2.png','Chip A18 Pro với CPU 6 lõi','/i/m/image_1089_5.png','/i/m/image_1088_2.png','Dynamic Island <br>Một cách tuyệt diệu để tương tác với iPhone','Màn hình Super Retina XDR<br>Công nghệ ProMotion<br>Màn hình Luôn Bật','iPhone 16 Pro','/i/m/image_1086_1__1.png','Thời gian xem video lên đến 27 giờ','','/i/m/image_1090_5.png','SOS Khẩn Cấp Phát Hiện Va Chạm','true','<ul><li>M&agrave;n h&igrave;nh Super Retina XDR 6,3 inch lớn hơn c&oacute; viền mỏng hơn, đem đến cảm gi&aacute;c tuyệt vời khi cầm tr&ecirc;n tay.</li><li>Điều khiển Camera - Chỉ cần trượt ng&oacute;n tay để điều chỉnh camera gi&uacute;p&nbsp;chụp ảnh hoặc quay video đẹp ho&agrave;n hảo v&agrave; si&ecirc;u nhanh.&nbsp;</li><li>T&iacute;nh năng quay video đẳng cấp với 4K Dolby Vision tốc độ 120 fps &mdash; độ ph&acirc;n giải v&agrave; tốc độ khung h&igrave;nh cao nhất hiện nay của Apple.</li><li>iPhone 16 Pro được c&agrave;i đặt sẵn hệ điều h&agrave;nh iOS 18, cho giao diện trực quan, dễ sử dụng v&agrave; nhiều t&iacute;nh năng hữu &iacute;ch.</li></ul>','','5G','Chính hãng','Apple','','','','/i/p/iphone-16-pro_1.png','iPhone 16 Pro (VN/A) Giá tốt giảm đến 7 triệu, trả góp 0%','Bàn','AAC, APAC, MP3, Apple Lossless, FLAC, Dolby Digital, Dolby Digital Plus, và Dolby Atmos','Cảm biến gia tốc, Cảm biến tiệm cận, Cảm biến ánh sáng, La bàn, Con quay hồi chuyển, Cảm biến áp kế, Cảm biến trọng lực','','Chụp macro, Chụp xóa phông, Chụp góc rộng, Quay video 4K, Chống rung, Chụp Zoom xa, Chụp đêm','Titanium','Kính','Apple A','Sạc không dây MagSafe lên đến 25W với bộ tiếp hợp 30W trở lên<br> Sạc không dây Qi2 lên đến 15W<br>Sạc không dây Qi lên đến 7,5W','USB Type-C','Dynamic Island<br>Màn hình HDR<br>True Tone<br>Dải màu rộng (P3)<br>Haptic Touch<br>Tỷ lệ tương phản 2.000.000:1<br>Độ sáng tối đa 1000 nit<br>460 ppi<br>Lớp phủ kháng dầu chống in dấu vân tay<br>Hỗ trợ hiển thị đồng thời nhiều ngôn ngữ và ký tự','','','','IP68 chống nước ở độ sâu tối đa 6 mét trong vòng tối đa 30 phút) theo tiêu chuẩn IEC 60529','Dynamic Island','','Có','Cấu hình cao, Chơi game, Pin trâu, Chụp ảnh đẹp, Livestream','iPhone (iOS)','4K@24 fps, 4K@25 fps, 4K@30 fps, 4K@60 fps<br>1080p@25fps, 1080p@30 fps, hoặc 1080p@60 fps','09/2024','8GB - 12GB','128GB và 256GB','120Hz','Flash True Tone<br>Photonic Engine<br> Deep Fusion<br> HDR thông minh thế hệ 5<br>Hiệu ứng Chiếu Sáng Chân Dung với sáu chế độ<br> Chế độ Ban Đêm<br> Chụp ảnh toàn cảnh Panorama (lên đến 63MP)<br> Phong Cách Nhiếp Ảnh thế hệ mới nhất <br>Ảnh không gian<br','Hỗ trợ 5G, Sạc không dây, Nhận diện khuôn mặt, Kháng nước, kháng bụi, Điện thoại AI','Super Retina XDR OLED','','51385.0000','4','2','','iOS','container2','iOS 18','Mới','Normal','59257','Máy mới 100% , chính hãng Apple Việt Nam.<br>CellphoneS hiện là đại lý bán lẻ uỷ quyền iPhone chính hãng VN/A của Apple Việt Nam','199 gram','','51385.0000','128GB','','true','Tương thích với ốp lưng, ví, sạc không dây MagSafe, và các sản phẩm khác<br>Sạc không dây MagSafe lên đến 25W với bộ tiếp hợp 30W trở lên','','','','','<p><span style="color: #ff0000;"><a href="https://cellphones.com.vn/thu-cu-doi-moi/trade-in-iphone" target="_blank"><span style="color: #ff0000;"><strong>Tham gia ngay chương tr&igrave;nh: ĐỊNH GI&Aacute; C&Oacute; QU&Agrave; - L&Ecirc;N ĐỜI C&Oacute; DEAL duy nhất chỉ từ 5/5 -18/5</strong></span></a></span></p>','2025-05-19 00:00:00','2025-05-05 00:00:00','Sim kép (nano-Sim và e-Sim) - Hỗ trợ 2 e-Sim','','GỌI THẢ GA, DATA KHỦNG','/i/p/iphone-16-pro_1.png','Lenovo Tab Extreme','SMS','','','','','','','51385.0000','','','128 GB','apple-iphone-16-pro','','','','Apple Pay<br> SOS Khẩn Cấp <br>Phát Hiện Va Chạm','','Tương Thích Với Thiết Bị Trợ Thính','true','','','Các lựa chọn thu phóng quang học','Lenovo Tab Extreme','51385.0000','','Giá chính thức','','','','iphone-16-pro','iphone-16-pro.html','','true','true','2024-09-28 00:00:00','Wi‑Fi 7 (802.11be) với 2x2 MIMO7','1 ĐỔI 1 trong 30 ngày nếu có lỗi phần cứng nhà sản xuất. Bảo hành 12 tháng tại trung tâm bảo hành chính hãng Apple: CareS.vn','51385.0000'
'59258','/i/p/iphone-16-pro-max.png','','/f/r/frame_165_3.png','/f/r/frame_162_1_3.png','/f/r/frame_160_1_3.png','/f/r/frame_161_1_3.png','/i/m/image_1281_1.png','true','','','167595.0000','Bluetooth 5.3','Camera chính: 48MP, f/1.78, 24mm, 2µm, chống rung quang học dịch chuyển cảm biến thế hệ thứ hai, Focus Pixels 100%<br>Telephoto 2x 12MP: 52 mm, ƒ/1.6<br> Camera góc siêu rộng: 48MP, 13 mm,ƒ/2.2 và trường ảnh 120°, Hybrid Focus Pixels, ảnh có độ phân giải','12MP, ƒ/1.9, Tự động lấy nét theo pha Focus Pixels','4K@24 fps, 4K@25 fps, 4K@30 fps, 4K@60 fps, 4K@100 fps, 4K@120 fps <br>1080p@25fps, 1080p@30 fps, 1080p@60 fps hoặc 1080p@120 fps<br> 720p@30 fps','','Liên hệ CSKH','Apple A18 Pro','Khả năng chống nước ở độ sâu 6 mét trong vòng tối đa 30 phút','','','167595.0000','CPU 6 lõi mới với 2 lõi hiệu năng và 4 lõi hiệu suất','','','Điều Khiển Camera<br>Cách quay phim và chụp ảnh dễ dàng hơn<br>Truy cập các công cụ chụp ảnh và quay video nhanh hơn','163 x 77,6 x 8,25 mm','167595.0000','2868 x 1320 pixels','6.9 inches','','','','','','','','167595.0000','2019-01-01 00:00:00','167595.0000','','167595.0000','GPS, GLONASS, Galileo, QZSS, BeiDou và NavIC','GPU 6 lõi mới','','','','','','','','Face ID, FaceTime','59258','/i/p/iphone-16-pro-max.png','Lenovo Tab Extreme','iPhone 16 Pro Max sử dụng iOS 18, Cáp Sạc USB‑C (1m), Tài liệu','','Được thiết kế cho Apple Intelligence','no_selection','no_selection','no_selection','no_selection','no_selection','/i/m/image_1086_3.png','Mạng di động 5G siêu nhanh','/i/m/image_1089_6.png','/f/r/frame_157_1_3.png','/i/m/image_1087_3.png','Face ID','/f/r/frame_163_1.png','Hệ thống camera chuyên nghiệp Fusion 48MP | Ultra Wide 48MP | Telephoto<br>Ảnh có độ phân giải siêu cao (24MP và 48MP)<br>Chụp ảnh macro 48MP<br>Ảnh chân dung thế hệ mới với tính năng Lấy Nét và Điều Khiển Chiều Sâu','Titan với mặt sau bằng kính nhám <br>Nút Tác Vụ','no_selection','','/f/r/frame_158_3.png','Chip A18 Pro với CPU 6 lõi','/i/m/image_1089_6.png','/i/m/image_1088_3.png','Dynamic Island <br>Một cách tuyệt diệu để tương tác với iPhone','Màn hình Super Retina XDR<br>Công nghệ ProMotion<br>Màn hình Luôn Bật','iPhone 16 Pro Max','/i/m/image_1086_1__2.png','Thời gian xem video lên đến 33 giờ','','/i/m/image_1090_6.png','SOS Khẩn Cấp Phát Hiện Va Chạm','true','<ul><li>M&agrave;n h&igrave;nh Super Retina XDR 6,9 inch lớn hơn c&oacute; viền mỏng hơn, đem đến cảm gi&aacute;c tuyệt vời khi cầm tr&ecirc;n tay.</li><li>Điều khiển Camera - Chỉ cần trượt ng&oacute;n tay để điều chỉnh camera gi&uacute;p chụp ảnh hoặc quay video đẹp ho&agrave;n hảo v&agrave; si&ecirc;u nhanh.</li><li>iPhone 16 Pro Max c&oacute; thiết kế titan cấp 5 với lớp ho&agrave;n thiện mới, tinh tế được xử l&yacute; bề mặt vi điểm.</li><li>iPhone 16 Pro Max&nbsp;được c&agrave;i đặt sẵn hệ điều h&agrave;nh iOS 18, cho giao diện trực quan, dễ sử dụng v&agrave; nhiều t&iacute;nh năng hữu &iacute;ch.</li></ul>','','5G','Chính hãng','Apple','','','','/i/p/iphone-16-pro-max.png','iPhone 16 Pro Max (VN/A) Giá rẻ, tặng 300K khách hàng mới','Bàn','AAC, APAC, MP3, Apple Lossless, FLAC, Dolby Digital, Dolby Digital Plus, và Dolby Atmos','Cảm biến gia tốc, Cảm biến tiệm cận, Cảm biến ánh sáng, La bàn, Con quay hồi chuyển, Cảm biến áp kế, Cảm biến trọng lực','','Chụp macro, Chụp xóa phông, Chụp góc rộng, Quay video 4K, Chống rung, Chụp đêm','Titanium','Kính','Apple A','Sạc không dây MagSafe lên đến 25W với bộ tiếp hợp 30W trở lên<br>Sạc không dây Qi2 lên đến 15W<br>Sạc không dây Qi lên đến 7,5W','USB Type-C','Dynamic Island<br>Màn hình Luôn Bật<br> Công nghệ ProMotion với tốc độ làm mới thích ứng lên đến 120Hz<br> Màn hình HDR<br> True Tone<br> Dải màu rộng (P3)<br> Haptic Touch <br>Tỷ lệ tương phản 2.000.000:1','','','','IP68 chống nước ở độ sâu tối đa 6 mét trong vòng tối đa 30 phút) theo tiêu chuẩn IEC 60529','Dynamic Island','','Có','Cấu hình cao, Chơi game, Pin trâu, Chụp ảnh đẹp, Livestream','iPhone (iOS)','4K@24 fps, 4K@25 fps, 4K@30 fps, 4K@60 fps<br>1080p@25fps, 1080p@30 fps, hoặc 1080p@60 fps','09/2024','8GB - 12GB','128GB và 256GB','120Hz','Flash True Tone<br>Photonic Engine<br> Deep Fusion<br> HDR thông minh thế hệ 5<br>Hiệu ứng Chiếu Sáng Chân Dung với sáu chế độ<br> Chế độ Ban Đêm<br> Chụp ảnh toàn cảnh Panorama (lên đến 63MP)<br> Phong Cách Nhiếp Ảnh thế hệ mới nhất <br>Ảnh không gian<br','Hỗ trợ 5G, Sạc không dây, Nhận diện khuôn mặt, Kháng nước, kháng bụi, Điện thoại AI','Super Retina XDR OLED','','167595.0000','4','2','','iOS','container2','iOS 18','Mới','Normal','59258','Máy mới 100% , chính hãng Apple Việt Nam.<br>CellphoneS hiện là đại lý bán lẻ uỷ quyền iPhone chính hãng VN/A của Apple Việt Nam','227 gram','','167595.0000','256GB','','true','Tương thích với ốp lưng, ví, sạc không dây MagSafe, và các sản phẩm khác<br>Sạc không dây MagSafe lên đến 25W với bộ tiếp hợp 30W trở lên','','','','','<p><span style="color: #ff0000;"><a href="https://cellphones.com.vn/thu-cu-doi-moi/trade-in-iphone" target="_blank"><span style="color: #ff0000;"><strong>Tham gia ngay chương tr&igrave;nh: ĐỊNH GI&Aacute; C&Oacute; QU&Agrave; - L&Ecirc;N ĐỜI C&Oacute; DEAL duy nhất chỉ từ 5/5 -18/5</strong></span></a></span></p>','2024-05-19 00:00:00','2025-05-04 00:00:00','Sim kép (nano-Sim và e-Sim) - Hỗ trợ 2 e-Sim','','GỌI THẢ GA, DATA KHỦNG','/i/p/iphone-16-pro-max.png','Lenovo Tab Extreme','SMS','','','','','','','167595.0000','','','256 GB','apple-iphone-16-pro-max','','','','Apple Pay<br> SOS Khẩn Cấp <br>Phát Hiện Va Chạm','','Tương Thích Với Thiết Bị Trợ Thính','true','','','Các lựa chọn thu phóng quang học','Lenovo Tab Extreme','167595.0000','','Giá chính thức','','','','iphone-16-pro-max','iphone-16-pro-max.html','','true','true','2024-09-28 00:00:00','Wi‑Fi 7 (802.11be) với 2x2 MIMO7','1 ĐỔI 1 trong 30 ngày nếu có lỗi phần cứng nhà sản xuất. Bảo hành 12 tháng tại trung tâm bảo hành chính hãng Apple: CareS.vn','167595.0000'
'84109','/d/i/dien-thoai-samsung-galaxy-s25-ultra_3__3.png','','no_selection','no_selection','no_selection','no_selection','no_selection','true','','5000 mAh','','Có','Camera siêu rộng 50MP<br>Camera góc rộng 200 MP<br>Camera Tele (5x) 50MP<br>Camera Tele (3x) 10MP"','12 MP','TBU','','Liên hệ CSKH','Snapdragon 8 Elite dành cho Galaxy (3nm)','','','','','TBU after Unpack','','','','Dài 162.8mm - Ngang 77.6mm - Dày 8.2mm','','3120 x 1440 pixels (Quad HD+)','6.9 inches','','','','','','','','','2019-01-01 00:00:00','0.0000','','','Có','','','','','','','','','Thực hiện tác vụ liên ứng dụng bằng lời nói (Seamless Actions across Apps)','84109','/d/i/dien-thoai-samsung-galaxy-s25-ultra_3__3.png','OPPO A17K','Samsung Galaxy S25 Ultra, hộp đựng, khe sim,...','','','no_selection','no_selection','no_selection','no_selection','no_selection','no_selection','','no_selection','no_selection','no_selection','','no_selection','','','no_selection','','no_selection','','no_selection','no_selection','','','','no_selection','','','no_selection','','true','<ul><li>Chuẩn IP68 tr&ecirc;n Samsung Galaxy S25 Ultra &ndash; Chống nước, chống bụi, thiết kế cao cấp, sang trọng.</li><li>&Acirc;m thanh Dolby Atmos, loa k&eacute;p AKG &ndash; Trải nghiệm &acirc;m thanh sống động, ch&acirc;n thực.</li><li>M&agrave;n h&igrave;nh S25 Ultra Dynamic AMOLED 2X 6.9 inch, 120Hz &ndash; Hiển thị sắc n&eacute;t, mượt m&agrave;, tiết kiệm pin.</li><li>Camera 200MP + Zoom 100X &ndash; Cảm biến lớn, chụp thiếu s&aacute;ng tốt, zoom xa chi tiết.</li></ul>','','5G','Chính hãng','Samsung','','Có','12 GB','/d/i/dien-thoai-samsung-galaxy-s25-ultra_3__3.png','Samsung Galaxy S25 Ultra giá giảm sâu 12 triệu, bền đẹp','-','Lọc âm thanh (Audio Eraser)','','Cảm biến vân tay trong màn hình','Chụp macro, Chụp góc rộng, Quay video 4K, Chụp Zoom xa, Quay video 8K, Camera AI, Chụp đêm','Titanium','','Snapdragon','Sạc nhanh 45W<br>Super Fast Charging 2.0*<br>Fast Wireless Charging 2.0<br>Wireless PowerShare','USB Type-C','120Hz<br>2600 nits<br>Corning® Gorilla® Armor 2','','','','IP68','Đục lỗ (Nốt ruồi)','','Có','Dung lượng lớn, Cấu hình cao, Chơi game, Pin trâu, Chụp ảnh đẹp, Livestream','Android','','02-2025','12GB trở lên','128GB và 256GB','120Hz','Chế độ quay phim 10-bit HDR<br>Quay Log Video<br>Zoom quang học 100x<br>Chụp hình Super HDR<br>Chân dung<br>Tự động lấy nét<br>Quay Video đêm','Hỗ trợ 5G, Nhận diện khuôn mặt, Kháng nước, kháng bụi, Điện thoại AI, Đi kèm bút cảm ứng','Dynamic AMOLED 2X','','','4','2','','Android','container2','Android 15','Mới','Normal','84109','Mới, đầy đủ phụ kiện từ nhà sản xuất','218g','','0.0000','S25 Ultra 256GB','','','','','','','','<div class="cps-additional-note">
<p>Hotsale từ ng&agrave;y <span style="color: #ff0000;">16/5 - 19/5</span>&nbsp;: Giảm gi&aacute; chỉ c&ograve;n<span style="color: #ff0000;">&nbsp;28,990,000<span data-sheets-value="{&quot;1&quot;:2,&quot;2&quot;:&quot;19,990,000&quot;}" data-sheets-userformat="{&quot;2&quot;:513,&quot;3&quot;:{&quot;1&quot;:0},&quot;12&quot;:0}"></span>đ&nbsp;</span>(số lượng c&oacute; hạn, &aacute;p dụng c&ugrave;ng ưu đ&atilde;i Smember).</p>
<p><span>Ng&agrave;y cuối hotsale</span><span>&nbsp;chỉ &aacute;p dụng thanh to&aacute;n online 100% hoặc thanh to&aacute;n trực tiếp tại cửa h&agrave;ng.</span></p>
</div>','2025-05-20 00:00:00','2025-05-15 00:00:00','2 Nano-SIM + eSIM','','GỌI THẢ GA, DATA KHỦNG','/d/i/dien-thoai-samsung-galaxy-s25-ultra_3__3.png','OPPO A17K','SMS','','','','','','','','','','256 GB','samsung-galaxy-s25-ultra','','','','Biên tập Video thông minh (Auto trim)<br> Khoanh tròn để tìm kiếm (Circle to Search) <br>Trợ lý cuộc gọi (Call Assist) <br> Trợ lý chỉnh ảnh (Photo Assist)','','','true','','','','OPPO A17K','1000000.0000','','Giá chính thức','','','','dien-thoai-samsung-galaxy-s25-ultra','dien-thoai-samsung-galaxy-s25-ultra.html','','true','','2025-02-10 00:00:00','Có','Bảo hành 12 tháng tại trung tâm bảo hành Chính hãng. 1 đổi 1 trong 30 ngày nếu có lỗi phần cứng từ nhà sản xuất.',''
'43152','/i/p/iphone-15-plus_1__1.png','','no_selection','no_selection','no_selection','no_selection','no_selection','true','','3349 mAh','30461.0000','v5.3','Chính 48 MP & Phụ 12 MP','12MP, ƒ/1.9','HD 720p@30fps<br>FullHD 1080p@60fps<br>FullHD 1080p@30fps<br>4K 2160p@24fps<br>4K 2160p@30fps<br>4K 2160p@60fps<br>FullHD 1080p@120fps<br>FullHD 1080p@240fps','','Liên hệ CSKH','Apple A16 Bionic 6 nhân','','','','30461.0000','CPU 6 lõi với 2 lõi hiệu năng và 4 lõi tiết kiệm điện','','','','147.6 x 71.6 x 7.80 mm','30461.0000','2556 x 1179 pixels','6.1 inches','','','','','','','','30461.0000','2019-01-01 00:00:00','30461.0000','','30461.0000','GPS, GLONASS, Galileo, QZSS, and BeiDou','5‑core GPU','','','','','','','','Camera TrueDepth hỗ trợ nhận diện khuôn mặt','43152','/i/p/iphone-15-plus_1__1.png','iPhone 15 Pro','Hộp, Sách hướng dẫn, Cây lấy sim, Cáp Type C','','','no_selection','no_selection','no_selection','no_selection','no_selection','/i/c/icon_5g_radiowaves_elevated_large_2.png','Mạng di động 5G siêu nhanh','/i/c/icon_port_usb_c_elevated_large_2.png','/i/c/icon_iphone_1_layer_3d_elevated_large_2.png','/i/c/icon_faceid_elevated_large_2.png','Face ID','/i/c/icon_iphone15_camera_elevated_large_1.png','Hệ thống camera kép tiên tiến chính 48MP | Ultra Wide<br>Ảnh có độ phân giải siêu cao (24MP và 48MP)<br>Ảnh chân dung thế hệ mới với Focus và Depth Control','Nhôm với mặt sau bằng kính pha màu<br>Nút chuyển đổi Chuông/Im Lặng','no_selection','','/i/c/icon_chip_a16_elevated_large_1.png','Chip A16 Bionic với GPU 5 lõi','/i/c/icon_port_usb_c_elevated_large_2.png','/i/c/icon_dynamicisland_elevated_large_2.png','Dynamic Island Một cách tuyệt diệu để tương tác với iPhone','Màn hình Super Retina XDR','iPhone 15','/i/c/icon_battery_100percent_elevated_large_2.png','Thời gian xem video lên đến 20 giờ','','/i/c/icon_sos_circle_elevated_large_2.png','SOS Khẩn Cấp Phát Hiện Va Chạm','true','<ul><li> Thiết kế thời thượng v&agrave; bền bỉ - Mặt lưng k&iacute;nh được pha m&agrave;u xu hướng c&ugrave;ng khung viền nh&ocirc;m bền bỉ</li><li> Dynamic Island hiển thị linh động mọi th&ocirc;ng b&aacute;o ngay lập tức gi&uacute;p bạn nắm bắt mọi th&ocirc;ng tin</li><li> Chụp ảnh đẹp nức l&ograve;ng - Camera ch&iacute;nh 48MP, Độ ph&acirc;n giải l&ecirc;n đến 4x v&agrave; Tele 2x chụp ch&acirc;n dung ho&agrave;n hảo</li><li> Pin d&ugrave;ng cả ng&agrave;y kh&ocirc;ng lắng lo - Thời gian xem video l&ecirc;n đến 20 giờ v&agrave; sạc nhanh qua cổng USB-C tiện lợi</li><li> Cải tiến hiệu năng vượt bậc - A16 Bionic mạnh mẽ gi&uacute;p bạn c&acirc;n mọi t&aacute;c vụ d&ugrave; c&oacute; y&ecirc;u cầu đồ hoạ cao</li></ul>','','5G','Chính hãng','Apple','','Không','6 GB','/i/p/iphone-15-plus_1__1.png','iPhone 15 128GB chính hãng VN/A Sẵn hàng giá tốt, góp 0%','Bàn','AAC, MP3, Apple Lossless, FLAC, Dolby Digital, Dolby Digital Plus, và Dolby Atmos','Cảm biến gia tốc, Cảm biến tiệm cận, Cảm biến ánh sáng, Con quay hồi chuyển, Cảm biến áp kế','Không','Chụp xóa phông, Chụp góc rộng, Quay video 4K, Chống rung, Chụp Zoom xa, Chụp đêm','Nhôm','Kính','Apple A','Hỗ trợ sạc tối đa: 20 W <br>Sạc pin nhanh<br>Tiết kiệm pin<br>Sạc không dây<br>Sạc không dây MagSafe','USB Type-C','Dynamic Island <br>HDR display <br>True Tone <br>Wide color (P3) <br>Haptic Touch<br>Lớp phủ oleophobia chống dấu vân tay<br>Độ sáng tối đa: 2000 nits<br>Mặt kính cảm ứng: Kính cường lực Ceramic Shield<br>Tần số quét 60 Hz','Có','','Không','IP68','Dynamic Island','','Có','Cấu hình cao, Chơi game, Pin trâu, Chụp ảnh đẹp, Livestream','iPhone (iOS)','4K@24/25/30/60 fps<br>HD 1080p@25/30/60 fps','09/2023','4GB - 6GB','128GB và 256GB','60Hz','Chế độ hành động<br>Dolby Vision<br>HDR<br>Trôi nhanh thời gian<br> Zoom kỹ thuật số<br>Cinematic<br>Quay chậm<br> Xóa phông<br>Deep Fusion<br>Toàn cảnh<br>Chống rung quang học (OIS)<br>Ban đêm<br>HDR<br>Zoom quang học<br>Siêu độ phân giải<br>Quay Siêu c','Hỗ trợ 5G, Sạc không dây, Nhận diện khuôn mặt, Kháng nước, kháng bụi, Điện thoại AI','Super Retina XDR OLED','','30461.0000','4','2','','iOS','container2','iOS 17','Mới','Normal','43152','Máy mới 100% , chính hãng Apple Việt Nam.<br>CellphoneS hiện là đại lý bán lẻ uỷ quyền iPhone chính hãng VN/A của Apple Việt Nam','171g','','30461.0000','128GB','','','','2023-11-01 00:00:00','','','','<p><strong><span style="color: #ff0000;">Trợ gi&aacute; 50% tối đa 2.500.000Đ Khi thu cũ l&ecirc;n đời iPhone 13,14,15 bản base.</span></strong><strong><span style="color: #ff0000;"></span></strong></p>','2025-05-31 00:00:00','2025-05-05 00:00:00','2 SIM (nano‑SIM và eSIM)','','GỌI THẢ GA, DATA KHỦNG','/i/p/iphone-15-plus_1__1.png','iPhone 15 Pro','SMS','','','','','','2023-09-15 00:00:00','30461.0000','','','128 GB','apple-iphone-15-series','','','','Mở khoá khuôn mặt Face ID, Phát hiện va chạm (Crash Detection), SOS Khẩn Cấp','','','true','','','','iPhone 15 Pro','30461.0000','','Giá chính thức','','','','iphone-15','iphone-15.html','','true','true','2023-09-29 00:00:00','Wi-Fi MIMO<br>Wi-Fi 6<br>Wi-Fi 802.11 a/b/g/n/ac/ax','1 ĐỔI 1 trong 30 ngày nếu có lỗi phần cứng nhà sản xuất. Bảo hành 12 tháng tại trung tâm bảo hành chính hãng Apple: CareS.vn','30461.0000'
'100854','/d/i/dien-thoai-nubia-neo-3-4g_2__1.png','','no_selection','no_selection','no_selection','no_selection','no_selection','true','','6000mAh','','BT5.2','50MP + 2MP','16MP','','','Liên hệ CSKH','Unisoc T8100','','','','','Octa-Core (4*Cortex-A76 @ 2.2GHz + 4*Cortex-A55 @2.0GHz)','','','','168.3 x 76.5 x 8.3mm','','','6.8 inches','','','','','0.1','','','','2019-01-01 00:00:00','0.0000','','','GPS/AGPS/GLONASS/Galileo','G57@4C 650MHz','0.7','0.3','','','','','','','100854','/d/i/dien-thoai-nubia-neo-3-4g_2__1.png','Nubia Neo 3 4G (8GB 128GB)','Nubia Neo 3 4G, sạc, cáp sạc, que chọc sim, sách hướng dẫn sử dụng','','','no_selection','no_selection','no_selection','no_selection','no_selection','no_selection','','no_selection','no_selection','no_selection','','no_selection','','','no_selection','','no_selection','','no_selection','no_selection','','','','no_selection','','','no_selection','','true','<ul><li>RAM 8GB &amp; Bộ nhớ 128GB hỗ trợ đa nhiệm mượt m&agrave; v&agrave; lưu trữ dữ liệu thoải m&aacute;i cho người d&ugrave;ng</li><li>Hệ thống l&agrave;m m&aacute;t ti&ecirc;n tiến, giảm thiểu qu&aacute; nhiệt khi chơi game l&acirc;u, đảm bảo hiệu suất ổn định</li><li>Pin 6000mAh thời gian sử dụng d&agrave;i, cho ph&eacute;p chơi game li&ecirc;n tục từ 7-8 giờ hoặc xem video 10-12 giờ</li><li>C&ocirc;ng nghệ sạc nhanh 33W đảm bảo thiết bị lu&ocirc;n sẵn s&agrave;ng hoạt động nhanh ch&oacute;ng</li><li>Camera 50MP &amp; M&agrave;n h&igrave;nh 6.8 inch 120Hz cải thiện chất lượng ảnh v&agrave; tối ưu h&oacute;a trải nghiệm với thao t&aacute;c mượt m&agrave;</li></ul>','','4G','Chính hãng','Hãng khác','','','8 GB','/d/i/dien-thoai-nubia-neo-3-4g_2__1.png','Nubia Neo 3 4G (8GB 128GB) | Giá rẻ, hỗ trợ trả góp 0%','-','Loa stereo kép với DTS:X Ultra','Cảm biến gia tốc, Cảm biến tiệm cận, Con quay hồi chuyển','Cảm biến vân tay cạnh bên','','','','','Sạc nhanh 33W','','Độ phân giải màn hình: 900 x 2030 pixel (FHD)<br>Tần số: 120Hz<br>Độ sáng: 530 nits<br>16.7 tỷ màu<br>IPS','','','','IP54','','','Có','','','','','','','','AI Super Night, Chụp ảnh nhanh AI Sport, AI HDR, chỉnh sửa AI Magic, Cảm biến CMOS, Tự động lấy nét','','','','','4','2','','Android','container2','','Mới','Normal','100854','Mới, đầy đủ phụ kiện từ nhà sản xuất','','','','Neo 3 4G <br> 8GB 128GB','','','','','','','','','2020-12-31 00:00:00','2020-01-01 00:00:00','2 Nano-SIM','','GỌI THẢ GA, DATA KHỦNG','/d/i/dien-thoai-nubia-neo-3-4g_2__1.png','Nubia Neo 3 4G (8GB 128GB)','SMS','','','','','','','','','','128 GB','nubia-neo-3-4g','','','','AI Game Space 3.0, AI Gaming Companion, AI Trigger, AI Behavioral Learning, AI Real-time Translate, AI Conversation Transtate','','','true','','','','Nubia Neo 3 4G (8GB 128GB)','500000.0000','','Giá chính thức','','','','dien-thoai-nubia-neo-3-4g','dien-thoai-nubia-neo-3-4g.html','','true','','','802.11a/b/g/n/ac, 2.4GHz & 5 GHz','Bảo hành 18 tháng tại trung tâm bảo hành Chính hãng. 1 đổi 1 trong 30 ngày nếu có lỗi phần cứng từ nhà sản xuất.',''
'43151','/i/p/iphone-15-pro-max_3.png','','no_selection','no_selection','no_selection','no_selection','no_selection','true','','4422 mAh','77180.0000','v5.3','Camera chính: 48MP, 24 mm, ƒ/1.78 <br>Camera góc siêu rộng: 12 MP, 13 mm, ƒ/2.2<br>Camera Tele: 12 MP','12MP, ƒ/1.9','4K@24/25/30/60 fps<br>HD 1080p@25/30/60 fps<br>HD 720p@30 fps','','Liên hệ CSKH','Apple A17 Pro 6 nhân','','','','77180.0000','CPU 6 lõi mới với 2 lõi hiệu năng và 4 lõi hiệu suất','','','','159,9 x 76,7 x 8,25 mm','77180.0000','2796 x 1290-pixel','6.7 inches','','','','','','','','77180.0000','2019-01-01 00:00:00','77180.0000','','77180.0000','GPS tần số kép chính xác (GPS, GLONASS, Galileo, QZSS, BeiDou và NavIC)','GPU 6 nhân mới','','','','','','','','Camera TrueDepth hỗ trợ nhận diện khuôn mặt','43151','/i/p/iphone-15-pro-max_3.png','iPhone 15 Pro','Hộp, Sách hướng dẫn, Cây lấy sim, Cáp Type C','','','no_selection','no_selection','no_selection','no_selection','no_selection','/i/c/icon_5g_radiowaves_elevated_large_3.png','Mạng di động 5G siêu nhanh','/i/c/icon_port_usb_c_elevated_large_3.png','/i/c/icon_iphone_1_layer_3d_elevated_large_3.png','/i/c/icon_faceid_elevated_large_3.png','Face ID','/i/c/icon_iphone15promax_camera_elevated_large_1.png','Hệ thống camera chuyên nghiệp chính 48MP | Ultra Wide | Telephoto<br>Ảnh có độ phân giải siêu cao (24MP và 48MP)<br>Ảnh chân dung thế hệ mới với Focus và Depth Contr','Titan với mặt sau bằng kính nhám Nút Tác Vụ','no_selection','','/i/c/icon_chip_a17pro_elevated_elevated_large_1.png','Chip A17 Pro với GPU 6 lõi','/i/c/icon_port_usb_c_elevated_large_3.png','/i/c/icon_dynamicisland_elevated_large_3.png','Dynamic Island <br>Một cách tuyệt diệu để tương tác với iPhone','Màn hình Super Retina XDR<br>Công nghệ ProMotion<br>Màn hình Luôn Bật','iPhone 15 Pro Max','/i/c/icon_battery_100percent_elevated_large_3.png','Thời gian xem video lên đến 29 giờ','','/i/c/icon_sos_circle_elevated_large_3.png','SOS Khẩn Cấp Phát Hiện Va Chạm','','<ul><li> Thiết kế khung viền từ titan chuẩn h&agrave;ng kh&ocirc;ng vũ trụ - Cực nhẹ, bền c&ugrave;ng viền cạnh mỏng cầm nắm thoải m&aacute;i</li><li> Hiệu năng Pro chiến game thả ga - Chip A17 Pro mang lại hiệu năng đồ họa v&ocirc; c&ugrave;ng sống động v&agrave; ch&acirc;n thực</li><li> Thoả sức s&aacute;ng tạo v&agrave; quay phim chuy&ecirc;n nghiệp - Cụm 3 camera sau đến 48MP v&agrave; nhiều chế độ ti&ecirc;n tiến</li><li> N&uacute;t t&aacute;c vụ mới gi&uacute;p nhanh ch&oacute;ng k&iacute;ch hoạt t&iacute;nh năng y&ecirc;u th&iacute;ch của bạn</li></ul>','','5G','Chính hãng','Apple','','Không','8 GB','/i/p/iphone-15-pro-max_3.png','iPhone 15 Pro Max 256GB giá rẻ giảm 6 triệu, thu cũ, góp 0%','Bàn','AAC, MP3, Apple Lossless, FLAC, Dolby Digital, Dolby Digital Plus và Dolby Atmos','Cảm biến gia tốc, Cảm biến tiệm cận, Cảm biến ánh sáng, La bàn, Con quay hồi chuyển, Cảm biến áp kế, Cảm biến trọng lực','Không','Chụp macro, Chụp xóa phông, Chụp góc rộng, Quay video 4K, Chống rung, Chụp Zoom xa, Chụp đêm','Titanium','Kính','Apple A','Sạc nhanh 20 W<br>Sạc không dây 15W<br>Sạc không dây Qi 7.5W','USB Type-C','Tốc độ làm mới 120Hz<br>460 ppi<br>2000 nits<br>HDR<br>True Tone<br>Dải màu rộng (P3)<br>Haptic Touch<br>Tỷ lệ tương phản 2.000.000:1','Có','','Không','Đạt mức IP68 (chống nước ở độ sâu tối đa 6 mét trong vòng tối đa 30 phút)','Dynamic Island','','Có','Cấu hình cao, Chơi game, Pin trâu, Chụp ảnh đẹp, Livestream','iPhone (iOS)','4K@24/25/30/60 fps<br>HD 1080p@25/30/60 fps','09/2023','8GB - 12GB','128GB và 256GB','120Hz','Flash True Tone Thích Ứng<br>Photonic Engine<br>Deep Fusion<br>HDR thông minh thế hệ 5<br>Ảnh chân dung thế hệ mới với Focus và Depth Control<br>Hiệu ứng Chiếu Sáng Chân Dung với sáu chế độ<br>Chế độ Ban Đêm','Hỗ trợ 5G, Sạc không dây, Nhận diện khuôn mặt, Kháng nước, kháng bụi, Điện thoại AI','Super Retina XDR OLED','','77180.0000','4','2','','iOS','container2','iOS 17','Mới','Normal','43151','Máy mới 100% , chính hãng Apple Việt Nam.<br>CellphoneS hiện là đại lý bán lẻ uỷ quyền iPhone chính hãng VN/A của Apple Việt Nam','221 g','','77180.0000','256GB','','','','2023-11-01 00:00:00','','','','<p><strong><span style="color: #ff0000;">Tham gia ngay chương tr&igrave;nh:<a href="https://cellphones.com.vn/thu-cu-doi-moi/trade-in-iphone" target="_blank"> ĐỊNH GI&Aacute; C&Oacute; QU&Agrave; - L&Ecirc;N ĐỜI C&Oacute; DEAL duy nhất chỉ từ 5/5 -18/5</a></span></strong><strong><span style="color: #ff0000;"><br /></span></strong></p>','2025-04-19 00:00:00','2025-05-05 00:00:00','2 SIM (nano‑SIM và eSIM)','','GỌI THẢ GA, DATA KHỦNG','/i/p/iphone-15-pro-max_3.png','iPhone 15 Pro','SMS','','','','','','','77180.0000','','','256 GB','apple-iphone-15-pro-max','','','','SOS Khẩn Cấp<br>Phát Hiện Va Chạm','','','true','','','','iPhone 15 Pro','77180.0000','','Giá chính thức','','','','iphone-15-pro-max','iphone-15-pro-max.html','','true','true','2023-09-29 00:00:00','Wi‑Fi 6E (802.11ax)','1 ĐỔI 1 trong 30 ngày nếu có lỗi phần cứng nhà sản xuất. Bảo hành 12 tháng tại trung tâm bảo hành chính hãng Apple: CareS.vn','77180.0000'
'99768','/d/i/dien-thoai-samsung-galaxy-a56.1_1.png','','no_selection','no_selection','no_selection','no_selection','no_selection','true','','5000 mAh','','v5.3','50.0 MP, F/1.8 + 12.0 MP, F/2.2 + 5.0 MP, F/2.4','12.0 MP, F/2.2','UHD 4K (3840 x 2160)@30fps<br>240fps @HD','','Liên hệ CSKH','Exynos 1580','','','','','8 nhân 2.9GHz, 2.6GHz, 1.9GHz','','','','162.2 x 77.5 x 7.4 mm','','1080 x 2340 pixels (FullHD+)','6.7 inches','','','','','','','','','2019-01-01 00:00:00','0.0000','','','GPS, Glonass, Beidou, Galileo, QZSS','','','','','','','','','Khoanh vùng search đa năng<br>Chạm 2 lần sáng màn hình','99768','/d/i/dien-thoai-samsung-galaxy-a56.1_1.png','Samsung Galaxy A56','Samsung A56, Cáp, Que chọc sim, Hộp đựng, Hướng dẫn sử dụng','','','no_selection','no_selection','no_selection','no_selection','no_selection','no_selection','','no_selection','no_selection','no_selection','','no_selection','','','no_selection','','no_selection','','no_selection','no_selection','','','','no_selection','','','no_selection','','true','<ul><li>M&agrave;n h&igrave;nh Samsung A56 6.7 inch FHD+ Super AMOLED, tần số qu&eacute;t 120Hz cho trải nghiệm hiển thị mượt m&agrave;, m&agrave;u sắc sống động.</li><li>Camera ch&iacute;nh 50MP OIS, hỗ trợ chống rung quang học gi&uacute;p chụp ảnh v&agrave; quay video sắc n&eacute;t trong mọi điều kiện.</li><li>Pin 5000mAh bền bỉ, sạc nhanh 45W đ&aacute;p ứng nhu cầu sử dụng cả ng&agrave;y d&agrave;i.</li><li>Hiệu năng mạnh mẽ tr&ecirc;n Samsung Galaxy A56 5G với chip Exynos 1580, RAM 8GB đa nhiệm mượt m&agrave;.</li></ul>','','5G','Chính hãng','Samsung','','','8 GB','/d/i/dien-thoai-samsung-galaxy-a56.1_1.png','Samsung A56 5G chính hãng, giá giảm thẳng 500K','-','Hỗ Trợ Âm Thanh Nổi','Cảm biến gia tốc, Cảm biến tiệm cận, Cảm biến ánh sáng, Cảm biến trọng lực','Cảm biến vân tay dưới màn hình','Chụp macro, Chụp góc rộng, Quay video 4K','Kim loại','Kính','Exynos','','USB Type-C','16 triệu màu, 120 Hz, 1200 nit, kính cường lực Corning Gorilla Glass Victus+','','','Không','IP67','Đục lỗ (Nốt ruồi)','','Có','Pin trâu','Android','','','8GB - 12GB','128GB và 256GB','120Hz','HDR<br>Tự động lấy nét<br>OIS<br>Quay chậm<br>Zoom kĩ thuật số lên đến 10x<br>Đèn Flash camera<br>Chụp góc rộng<br>Chụp macro','Hỗ trợ 5G, Bảo mật vân tay, Nhận diện khuôn mặt, Kháng nước, kháng bụi','Super AMOLED','','','4','2','','Android','container2','Android','Mới','Normal','99768','Mới, đầy đủ phụ kiện từ nhà sản xuất','198g','','','A56','','','','','','','','<div class="cps-additional-note">
<p>Hotsale từ ng&agrave;y <span style="color: #ff0000;">23/05 - 26/05</span>&nbsp;: Giảm gi&aacute; chỉ c&ograve;n<span style="color: #ff0000;">&nbsp;9,490,000<span data-sheets-value="{&quot;1&quot;:2,&quot;2&quot;:&quot;19,990,000&quot;}" data-sheets-userformat="{&quot;2&quot;:513,&quot;3&quot;:{&quot;1&quot;:0},&quot;12&quot;:0}"></span>đ&nbsp;</span>(số lượng c&oacute; hạn, &aacute;p dụng c&ugrave;ng ưu đ&atilde;i Smember).</p>
<p><span>Ng&agrave;y cuối hotsale</span><span>&nbsp;chỉ &aacute;p dụng thanh to&aacute;n online 100% hoặc thanh to&aacute;n trực tiếp tại cửa h&agrave;ng.</span></p>
</div>','2025-05-26 00:00:00','2025-05-22 00:00:00','SIM 1 + SIM 2 / SIM 1 + eSIM / 2 eSIM','','GỌI THẢ GA, DATA KHỦNG','/d/i/dien-thoai-samsung-galaxy-a56.1_1.png','Samsung Galaxy A56','SMS','','','','','','','','','','128 GB','samsung-galaxy-a56','','','','Mở khoá khuôn mặt','','','true','','','','Samsung Galaxy A56','500000.0000','','Giá chính thức','','','','dien-thoai-samsung-galaxy-a56','dien-thoai-samsung-galaxy-a56.html','','true','','','802.11a/b/g/n/ac/ax 2.4GHz+5GHz, HE80, MIMO, 1024-QAM','Bảo hành 12 tháng tại trung tâm bảo hành Chính hãng. 1 đổi 1 trong 30 ngày nếu có lỗi phần cứng từ nhà sản xuất.',''
'65920','/f/r/frame_166_3.png','','no_selection','no_selection','no_selection','no_selection','no_selection','true','','4000 mAh','18898.0000','v5.3','Camera góc chụp rộng: 50.0 MP, f/1.8, thu phóng quang học 2x<br>Góc chụp siêu rộng: 12.0 MP, f/2.2','10.0 MP, f/2.2','UHD 4K (3840 x 2160)@60fps<br>240fps @FHD, 120fps @FHD','','Liên hệ CSKH','Snapdragon 8 Gen 3 for Galaxy Tăng lên 42% AI','','','','18898.0000','8 nhân 3.39 GHz, 3.1GHz, 2.9GHz, 2.2GHz','','','','Kích thước: 165.1 x 71.9 x 6.9 mm<br>Kích thước gập: 85.1 x 71.9 x 14.9 mm','18898.0000','1080 x 2640 pixels','6.7 inches','','','','','','','','18898.0000','2019-01-01 00:00:00','18898.0000','','18898.0000','GPS, Glonass, Beidou, Galileo, QZSS','','','','','','','','','Samsung Care+<br>Samsung Health<br>Samsung Wallet','65920','/f/r/frame_166_3.png','Masstel Fami 60','','','','no_selection','no_selection','no_selection','no_selection','no_selection','no_selection','','no_selection','no_selection','no_selection','','no_selection','','','no_selection','','no_selection','','no_selection','no_selection','','','','no_selection','','','no_selection','','true','<ul><li>Chip Snapdragon 8 Gen 3 8 nh&acirc;n mang đến hiệu năng mạnh mẽ, cho ph&eacute;p bạn xử l&yacute; c&aacute;c t&aacute;c vụ h&agrave;ng ng&agrave;y một c&aacute;ch mượt m&agrave;.</li><li>M&agrave;n h&igrave;nh gập 6.7 inch Dynamic AMOLED 2X 120Hz mang đến trải nghiệm h&igrave;nh ảnh tuyệt vời, với độ ph&acirc;n giải cao.</li><li>Camera sau 50MP + 12MP cho ph&eacute;p bạn chụp ảnh chất lượng cao, với độ chi tiết cao v&agrave; m&agrave;u sắc rực rỡ.&nbsp;</li><li>Pin dung lượng 4000&nbsp;mAh cho ph&eacute;p bạn sử dụng điện thoại cả ng&agrave;y d&agrave;i m&agrave; kh&ocirc;ng cần lo lắng về việc hết pin.&nbsp;</li></ul>','','5G','Chính hãng','Samsung','','','12 GB','/f/r/frame_166_3.png','Samsung Z Flip 6 | Giá tốt, tặng tai nghe, PMH 1,5 triệu','-','Hỗ Trợ Âm Thanh Nổi','Cảm biến gia tốc, Cảm biến tiệm cận, Cảm biến ánh sáng, La bàn, Cảm biến áp kế, Cảm biến trọng lực','','Chụp xóa phông, Chụp góc rộng, Quay video 4K, Chống rung, Chụp ảnh chuyển động, Chụp đêm','','','','','USB Type-C','Màn hình chính: 6.7 inch, 2640 x 1080 (FHD+), 120 Hz, độ sâu màu sắc: 16M, 1600nits<br>Màn hình phụ: 3.4", 720 x 748, Super AMOLED, độ sâu màu sắc: 16M, 1600nits<br>Kính Corning® Gorilla® Glass Victus® 2','','Vapor Chamber','','IP48','Màn hình gập','','Có','Chơi game, Chụp ảnh đẹp, Livestream','Android','','','8GB - 12GB','128GB và 256GB','120Hz','Tự động lấy nét, OIS, Optical quality Zoom 2x, Auto Zoom, Dual Preview, FlexMode, FlexCam Selfie','Hỗ trợ 5G, Bảo mật vân tay, Nhận diện khuôn mặt, Kháng nước, kháng bụi, Điện thoại AI','Dynamic AMOLED 2X','','18898.0000','4','2','','Android','container2','Android','Mới','Normal','65920','Mới, đầy đủ phụ kiện từ nhà sản xuất','187 g','','18898.0000','12GB 256GB','','','','','','','','<div class="cps-additional-note">
<p>Hotsale từ ng&agrave;y <span style="color: #ff0000;">09/05 -12/05</span>&nbsp;: Giảm gi&aacute; chỉ c&ograve;n<span style="color: #ff0000;">&nbsp;19,990,000<span data-sheets-value="{&quot;1&quot;:2,&quot;2&quot;:&quot;19,990,000&quot;}" data-sheets-userformat="{&quot;2&quot;:513,&quot;3&quot;:{&quot;1&quot;:0},&quot;12&quot;:0}"></span>đ&nbsp;</span>(số lượng c&oacute; hạn, &aacute;p dụng c&ugrave;ng ưu đ&atilde;i Smember).</p>
<p><span>Ng&agrave;y cuối hotsale</span><span>&nbsp;chỉ &aacute;p dụng thanh to&aacute;n online 100% hoặc thanh to&aacute;n trực tiếp tại cửa h&agrave;ng.</span></p>
</div>','2025-05-13 00:00:00','2025-05-08 00:00:00','1 Nano SIM + 1 eSIM hoặc 2 eSIM','','GỌI THẢ GA, DATA KHỦNG','/f/r/frame_166_3.png','Masstel Fami 60','SMS','','','','','','','18898.0000','','','256 GB','samsung-galaxy-z-flip6','','','','Tích hợp ứng dụng Google Gemini','','','true','','','','Masstel Fami 60','18898.0000','','Giá chính thức','','','','samsung-galaxy-z-flip-6','samsung-galaxy-z-flip-6.html','','true','true','2024-07-27 00:00:00','Wi-Fi 802.11a/b/g/n/ac/ax <br>2.4GHz+5GHz+6GHz','Bảo hành 12 tháng tại trung tâm bảo hành Chính hãng. 1 đổi 1 trong 30 ngày nếu có lỗi phần cứng từ nhà sản xuất.','18898.0000'
'92993','/d/i/dien-thoai-nothing-phone-2a_1_1.png','','no_selection','no_selection','no_selection','no_selection','no_selection','true','','5000 mAh','','v5.3','50 MP, f/1.88, 1/1.56" <br>50 MP, f/2.2, 1/2.76", 114° FOV','32 MP, f/2.2, 1/2.74"','4K@30fps <br>1080p@60/120fps','','Liên hệ CSKH','MediaTek Dimensity 7200 Pro (4nm TSMC process)','','','','','Up to 2.8 GHz','','','','161.74 x 76.32 x 8.55 mm','','1080 x 2412 pixels','6.7 inches','','','','','','','','','2019-01-01 00:00:00','0.0000','','','GPS (L1), GLONASS (G1), BDS (B1I), GALILEO (E1), QZSS (L1)','','','','','','','','','','92993','/d/i/dien-thoai-nothing-phone-2a_1_1.png','iPhone 15 Pro','Pin, Sạc; Que cắm SIM','','','no_selection','no_selection','no_selection','no_selection','no_selection','no_selection','','no_selection','no_selection','no_selection','','no_selection','','','no_selection','','no_selection','','no_selection','no_selection','','','','no_selection','','','no_selection','','true','<ul><li>M&agrave;n h&igrave;nh 6.7 inch AMOLED, tần số qu&eacute;t 120Hz, hiển thị mượt m&agrave;, m&agrave;u sắc rực rỡ.</li><li>Chip&nbsp;MediaTek Dimensity 7200 Pro&nbsp;mạnh mẽ với chip h&agrave;ng đầu, xử l&yacute; đa nhiệm v&agrave; game nặng mượt m&agrave;.</li><li>Camera k&eacute;p với cảm biến 50MP, chụp ảnh sắc n&eacute;t, quay video 4K ấn tượng.</li><li>Pin 5000mAh, sạc nhanh -&nbsp;Dung lượng pin lớn, hỗ trợ sạc nhanh, đ&aacute;p ứng nhu cầu d&ugrave;ng cả ng&agrave;y d&agrave;i.</li></ul>','','5G','Chính hãng','Hãng khác','','','8 GB','/d/i/dien-thoai-nothing-phone-2a_1_1.png','Điện thoại Nothing Phone 2A giá từ 6tr790, thiết kế độc lạ','-','','','','Chụp góc rộng, Quay video 4K, Chống rung','','','','Sạc nhanh 45W','USB Type-C','Corning® Gorilla® Glass 5<br>Tỷ lệ tương phản: 1,000,000:1<br>394 PPI<br>1300 nits<br>120 Hz','','','','IP54','Đục lỗ (Nốt ruồi)','','Có','Chơi game, Pin trâu, Livestream','Android','','','8GB - 12GB','128GB và 256GB','120Hz','','Hỗ trợ 5G, Kháng nước, kháng bụi','Flexible AMOLED On-cell','','','4','2','','','container2','Android 14','Mới','Normal','92993','Mới, đầy đủ phụ kiện từ nhà sản xuất','190 g','','0.0000','Phone 2A <br> 8GB 128GB','','','','','','','','<div class="cps-additional-note">
<p>Sale "She" m&ecirc; từ ng&agrave;y <span style="color: #ff0000;">4/3 - 9/3</span> : Giảm gi&aacute; cực sốc (số lượng c&oacute; hạn, &aacute;p dụng c&ugrave;ng ưu đ&atilde;i Smember).</p>
<p>Ng&agrave;y cuối hotsale chỉ &aacute;p dụng thanh to&aacute;n online 100% hoặc thanh to&aacute;n trực tiếp tại cửa h&agrave;ng.</p>
</div>','2025-03-08 00:00:00','2025-03-03 00:00:00','2 SIM (Nano-SIM)','','GỌI THẢ GA, DATA KHỦNG','/d/i/dien-thoai-nothing-phone-2a_1_1.png','iPhone 15 Pro','SMS','','','','','','','','','','128 GB','nothing-phone-2a','','','','','','','true','','','','iPhone 15 Pro','500000.0000','','Giá chính thức','','','','dien-thoai-nothing-phone-2a','dien-thoai-nothing-phone-2a.html','','true','','2023-10-30 00:00:00','802.11 a/b/g/n/ac or ax (Wi-Fi 6)<br>2.4 GHz / 5 GHz','Bảo hành 12 tháng tại trung tâm bảo hành Chính hãng. 1 đổi 1 trong 3 tháng nếu có lỗi phần cứng từ nhà sản xuất.',''
